_sentence,_receivers,sentence_id,time,latitude,longitude,altitude,gps_lock,satellites
"$$MOD1,717,12:47:39,52.049740,-0.880830,26056,1,9*91F6","M0UPU-1,G8KNN-1,G8DHE,PE2G,G6SUQ,G0NZO,G7SVI,G4MYS,G3WGM,G8KNN,RevSpace,G0TDJ,M6GTG,2E0KPI,Leo,F5APQ",717,12:47:39,52.04974,-0.88083,26056,1,9
"$$MOD1,718,12:47:49,52.049259,-0.881340,26109,1,9*1CEE","G8KNN-1,PE2G,G6SUQ,G0NZO,MI0VIM,G7SVI,2E0KPI,F5APQ,G8KNN,RevSpace,G0TDJ,M6GTG,Leo,G4MYS,G3WGM",718,12:47:49,52.049259,-0.88134,26109,1,9
"$$MOD1,719,12:48:01,52.048779,-0.881550,26171,1,9*B84C","G8KNN-1,PE2G,G0NZO,MI0VIM,2E0KPI,F5APQ,G8KNN,G7SVI,G0TDJ,M6GTG,G4MYS,G3WGM",719,12:48:01,52.048779,-0.88155,26171,1,9
"$$MOD1,720,12:48:13,52.048260,-0.881530,26233,1,9*D8DB","M0UPU-1,G8KNN-1,G8DHE,PE2G,G0NZO,MI0VIM,G7SVI,2E0KPI,G0TDJ,G8KNN,RevSpace,M6GTG,Leo,G4MYS,F5APQ,G3WGM",720,12:48:13,52.04826,-0.88153,26233,1,9
"$$MOD1,721,12:48:25,52.047749,-0.881740,26299,1,9*8607","G8KNN-1,PE2G,G0NZO,MI0VIM,2E0KPI,F5APQ,G8KNN,RevSpace,G0TDJ,M6GTG,G4MYS,Leo,G3WGM",721,12:48:25,52.047749,-0.88174,26299,1,9
"$$MOD1,722,12:48:35,52.047298,-0.881630,26355,1,9*29C7","M0UPU-1,G8KNN-1,PE2G,G0NZO,MI0VIM,RevSpace,2E0KPI,F5APQ,G8KNN,G7SVI,G0TDJ,M6GTG,G4MYS,Leo,G3WGM",722,12:48:35,52.047298,-0.88163,26355,1,9
"$$MOD1,723,12:48:47,52.046761,-0.881440,26419,1,9*C0AF","M0UPU-1,G0NZO,G8DHE,PE2G,G8KNN-1,MI0VIM,G7SVI,2E0KPI,G3WGM,G8KNN,RevSpace,G0TDJ,M6GTG,G4MYS,Leo,F5APQ",723,12:48:47,52.046761,-0.88144,26419,1,9
"$$MOD1,724,12:48:59,52.046200,-0.881200,26484,1,9*B6A8","M0UPU-1,G8KNN-1,G8DHE,PE2G,G0NZO,MI0VIM,G7SVI,G4MYS,F5APQ,G8KNN,RevSpace,G0TDJ,M6GTG,2E0KPI,Leo,G3WGM",724,12:48:59,52.0462,-0.8812,26484,1,9
"$$MOD1,725,12:49:11,52.045460,-0.880930,26550,1,9*2E16","G0NZO,PE2G,G8KNN-1,G7SVI,Leo,F5APQ,G8KNN,RevSpace,G0TDJ,M6GTG,2E0KPI,G4MYS,G3WGM",725,12:49:11,52.04546,-0.88093,26550,1,9
"$$MOD1,726,12:49:21,52.045040,-0.880950,26603,1,9*C7C3","G8KNN-1,G8DHE,PE2G,G0NZO,MI0VIM,RevSpace,2E0KPI,G3WGM,G8KNN,G7SVI,G0TDJ,M6GTG,Leo,F5APQ",726,12:49:21,52.04504,-0.88095,26603,1,9
"$$MOD1,727,12:49:33,52.044571,-0.880700,26666,1,9*EDEF","G8KNN-1,PE2G,G0NZO,MI0VIM,RevSpace,G4MYS,F5APQ,G8KNN,G7SVI,G0TDJ,M6GTG,2E0KPI,Leo,G3WGM",727,12:49:33,52.044571,-0.8807,26666,1,9
"$$MOD1,728,12:49:45,52.044300,-0.880300,26730,1,9*72FC","M0UPU-1,G8KNN-1,G8DHE,PE2G,G0NZO,MI0VIM,RevSpace,G4MYS,G3WGM,G8KNN,G7SVI,G0TDJ,M6GTG,2E0KPI,Leo,F5APQ",728,12:49:45,52.0443,-0.8803,26730,1,9
"$$MOD1,729,12:49:57,52.043770,-0.879830,26791,1,9*FBAB","M0UPU-1,G0NZO,G8DHE,PE2G,G8KNN-1,MI0VIM,RevSpace,Leo,G3WGM,G7SVI,G0TDJ,M6GTG,2E0KPI,F5APQ",729,12:49:57,52.04377,-0.87983,26791,1,9
"$$MOD1,730,12:50:07,52.043468,-0.879490,26842,1,9*EA95","M0UPU-1,G8KNN-1,G8DHE,PE2G,G0NZO,G7SVI,G4MYS,G0TDJ,G8KNN,RevSpace,M6GTG,2E0KPI,Leo,F5APQ,G3WGM",730,12:50:07,52.043468,-0.87949,26842,1,9
"$$MOD1,731,12:50:19,52.043129,-0.878600,26905,1,8*CBD0","G8KNN-1,G8DHE,PE2G,G0NZO,2E0KPI,G0TDJ,RevSpace,M6GTG,Leo,G4MYS,F5APQ,G3WGM",731,12:50:19,52.043129,-0.8786,26905,1,8
"$$MOD1,732,12:50:31,52.042702,-0.877710,26968,1,9*0979","M0UPU-1,G0NZO,G8DHE,PE2G,G6SUQ,G8KNN-1,MI0VIM,RevSpace,G4MYS,G0TDJ,G7SVI,M6GTG,2E0KPI,Leo,F5APQ,G3WGM",732,12:50:31,52.042702,-0.87771,26968,1,9
"$$MOD1,733,12:50:43,52.042030,-0.877100,27033,1,9*1C17","M0UPU-1,G0NZO,G8DHE,PE2G,G6SUQ,G8KNN-1,RevSpace,G4MYS,G3WGM,G7SVI,G0TDJ,M6GTG,2E0KPI,Leo,F5APQ",733,12:50:43,52.04203,-0.8771,27033,1,9
"$$MOD1,734,12:50:53,52.041321,-0.876750,27087,1,9*1256","M0UPU-1,G8KNN-1,G8DHE,PE2G,G0NZO,G7SVI,2E0KPI,G0TDJ,RevSpace,M6GTG,Leo,G4MYS,F5APQ,G3WGM",734,12:50:53,52.041321,-0.87675,27087,1,9
"$$MOD1,735,12:51:05,52.040359,-0.876520,27149,1,9*4FC6","G0NZO,G8DHE,PE2G,G8KNN-1,MI0VIM,RevSpace,G4MYS,G0TDJ,G8KNN,G7SVI,M6GTG,2E0KPI,Leo,F5APQ,G3WGM",735,12:51:05,52.040359,-0.87652,27149,1,9
"$$MOD1,736,12:51:17,52.039280,-0.876280,27211,1,9*CB7C","G8KNN-1,G8DHE,PE2G,G0NZO,MI0VIM,2E0KPI,G0TDJ,G8KNN,RevSpace,G4MYS,Leo,F5APQ,G3WGM",736,12:51:17,52.03928,-0.87628,27211,1,9
"$$MOD1,737,12:51:29,52.038441,-0.875900,27275,1,9*E854","M0UPU-1,G0NZO,M0UPU-2,PE2G,G8KNN-1,MI0VIM,RevSpace,2E0KPI,M0UPU,G8DHE,G8KNN,G7SVI,G0TDJ,M6GTG,Leo,G4MYS,F5APQ,G3WGM",737,12:51:29,52.038441,-0.8759,27275,1,9
"$$MOD1,738,12:51:39,52.037991,-0.875570,27326,1,9*4ED2","M0UPU-1,G8KNN-1,M0UPU-2,PE2G,G0NZO,MI0VIM,RevSpace,M0UPU,2E0KPI,F5APQ,G8DHE,G8KNN,G7SVI,G0TDJ,M6GTG,Leo,M1ARI,G4MYS,G3WGM",738,12:51:39,52.037991,-0.87557,27326,1,9
"$$MOD1,739,12:51:51,52.037460,-0.874920,27389,1,9*AD82","M0UPU-1,G0NZO,M0UPU-2,PE2G,G8KNN-1,2E0KPI,G7SVI,Leo,M0UPU,G8DHE,G8KNN,RevSpace,G0TDJ,M6GTG,G4MYS,M1ARI,F5APQ,G3WGM",739,12:51:51,52.03746,-0.87492,27389,1,9
"$$MOD1,740,12:52:03,52.036919,-0.874040,27454,1,9*3E8D","M0UPU-1,G0NZO,G1XIY,PE2G,G6SUQ,G8KNN-1,MI0VIM,RevSpace,2E0KPI,M0UPU,M0UPU-2,G8KNN,G7SVI,G0TDJ,M6GTG,G4MYS,Leo,F5APQ,G3WGM",740,12:52:03,52.036919,-0.87404,27454,1,9
"$$MOD1,741,12:52:15,52.036152,-0.873110,27519,1,9*27B3","G0NZO,G8DHE,PE2G,G8KNN-1,MI0VIM,Leo,G3WGM,G1XIY,G8KNN,RevSpace,G0TDJ,M6GTG,2E0KPI,F5APQ",741,12:52:15,52.036152,-0.87311,27519,1,9
"$$MOD1,742,12:52:25,52.035469,-0.872420,27574,1,9*D239","M0UPU-1,G8KNN-1,G1XIY,PE2G,G6SUQ,G0NZO,MI0VIM,RevSpace,G4MYS,M0UPU,G8DHE,G8KNN,G7SVI,G0TDJ,M6GTG,M0UPU-2,Leo,F5APQ,G3WGM",742,12:52:25,52.035469,-0.87242,27574,1,9
"$$MOD1,743,12:52:37,52.034649,-0.871770,27635,1,8*67F9","G0NZO,G1XIY,PE2G,G8KNN-1,MI0VIM,G7SVI,Leo,M0UPU,G8DHE,G8KNN,RevSpace,G0TDJ,M6GTG,M0UPU-2,F5APQ,G3WGM",743,12:52:37,52.034649,-0.87177,27635,1,8
"$$MOD1,744,12:52:49,52.033791,-0.871220,27697,1,9*52EC","M0UPU-1,G0NZO,M0UPU-2,PE2G,G6SUQ,G8KNN-1,MI0VIM,RevSpace,2E0KPI,G3WGM,G8DHE,G8KNN,G7SVI,G0TDJ,M6GTG,Leo,F5APQ,M0UPU",744,12:52:49,52.033791,-0.87122,27697,1,9
"$$MOD1,745,12:53:01,52.032921,-0.870490,27759,1,9*7B67","M0UPU-1,G8KNN-1,G1XIY,PE2G,G6SUQ,G0NZO,MI0VIM,G4MYS,G3WGM,G8DHE,G8KNN,RevSpace,G0TDJ,M6GTG,M0UPU-2,Leo,F5APQ,M0UPU",745,12:53:01,52.032921,-0.87049,27759,1,9
"$$MOD1,746,12:53:11,52.032089,-0.869920,27816,1,9*B45D","G8KNN-1,G1XIY,PE2G,G0NZO,MI0VIM,Leo,G3WGM,G8DHE,G8KNN,RevSpace,G0TDJ,M6GTG,G4MYS,M1ARI,F5APQ,M0UPU-2",746,12:53:11,52.032089,-0.86992,27816,1,9
"$$MOD1,747,12:53:23,52.031132,-0.869580,27878,1,9*9934","M0UPU-1,G8KNN-1,G8DHE,PE2G,G0NZO,MI0VIM,G7SVI,G4MYS,M0UPU,M0UPU-2,G8KNN,RevSpace,G0TDJ,G1XIY,Leo,F5APQ,G3WGM",747,12:53:23,52.031132,-0.86958,27878,1,9
"$$MOD1,748,12:53:35,52.030239,-0.869230,27940,1,9*E1DE","M0UPU-1,G8KNN-1,G8DHE,PE2G,G0NZO,MI0VIM,RevSpace,G4MYS,G0TDJ,M0UPU-2,G8KNN,G7SVI,G1XIY,F5APQ,G3WGM",748,12:53:35,52.030239,-0.86923,27940,1,9
"$$MOD1,749,12:53:47,52.029282,-0.868890,28005,1,9*3EB5","M0UPU-1,G8KNN-1,M0UPU-2,PE2G,G6SUQ,G0NZO,MI0VIM,G7SVI,G4MYS,M0UPU,G1XIY,G8KNN,RevSpace,G0TDJ,M6GTG,Leo,F5APQ,G3WGM",749,12:53:47,52.029282,-0.86889,28005,1,9
"$$MOD1,750,12:53:57,52.028530,-0.868570,28059,1,9*E84D","M0UPU-1,G8KNN-1,G1XIY,PE2G,G0NZO,MI0VIM,M0UPU,Leo,G3WGM,G8DHE,G8KNN,RevSpace,G0TDJ,M6GTG,G4MYS,M1ARI,F5APQ,M0UPU-2",750,12:53:57,52.02853,-0.86857,28059,1,9
"$$MOD1,751,12:54:09,52.027748,-0.868340,28123,1,9*6E54","G8KNN-1,G1XIY,PE2G,G0NZO,G7SVI,G4MYS,G0TDJ,G8DHE,G8KNN,RevSpace,M6GTG,Leo,M1ARI,F5APQ,G3WGM",751,12:54:09,52.027748,-0.86834,28123,1,9
"$$MOD1,752,12:54:21,52.027100,-0.868080,28188,1,9*5BD1","M0UPU-1,G0NZO,G1XIY,PE2G,G6SUQ,G8KNN-1,RevSpace,Leo,G0TDJ,M0UPU-2,G8KNN,G7SVI,G8DHE,M6GTG,G4MYS,M1ARI,F5APQ,G3WGM",752,12:54:21,52.0271,-0.86808,28188,1,9
"$$MOD1,753,12:54:33,52.026489,-0.867770,28252,1,9*E08F","G0NZO,G1XIY,PE2G,G6SUQ,G8KNN-1,MI0VIM,RevSpace,G4MYS,G3WGM,G8DHE,G8KNN,G7SVI,G0TDJ,M6GTG,M0UPU-2,Leo,F5APQ,M0UPU",753,12:54:33,52.026489,-0.86777,28252,1,9
"$$MOD1,754,12:54:43,52.025871,-0.867680,28306,1,9*B66B","M0UPU-1,G8KNN-1,M0UPU-2,PE2G,G6SUQ,G0NZO,RevSpace,G4MYS,M0UPU,G1XIY,G8KNN,G7SVI,G0TDJ,M6GTG,Leo,f4fwt,F5APQ,G3WGM",754,12:54:43,52.025871,-0.86768,28306,1,9
"$$MOD1,755,12:54:55,52.025242,-0.867840,28367,1,9*AA9F","M0UPU-1,G8KNN-1,G1XIY,PE2G,G3WGM,G0NZO,MI0VIM,M1ARI,Leo,F5APQ,G8DHE,G8KNN,RevSpace,G0TDJ,M6GTG,M0UPU-2,f4fwt,G4MYS,M0UPU",755,12:54:55,52.025242,-0.86784,28367,1,9
"$$MOD1,756,12:55:07,52.024761,-0.867890,28432,1,9*3AEE","M0UPU-1,G0NZO,G1XIY,PE2G,G8KNN-1,MI0VIM,RevSpace,G4MYS,G3WGM,G8DHE,G7SVI,G0TDJ,M6GTG,M0UPU-2,f4fwt,F5APQ",756,12:55:07,52.024761,-0.86789,28432,1,9
"$$MOD1,757,12:55:19,52.024399,-0.867730,28497,1,9*D5E1","M0UPU-1,G0NZO,G8DHE,PE2G,G8KNN-1,MI0VIM,Leo,G0TDJ,G1XIY,G8KNN,RevSpace,M6GTG,M0UPU-2,f4fwt,G3WGM",757,12:55:19,52.024399,-0.86773,28497,1,9
"$$MOD1,758,12:55:30,52.023979,-0.866890,28550,1,9*7220","M0UPU-1,G8KNN-1,G8DHE,PE2G,G6SUQ,G0NZO,MI0VIM,RevSpace,Leo,G3WGM,G1XIY,G7SVI,G0TDJ,M6GTG,M0UPU-2,f4fwt,M0UPU",758,12:55:30,52.023979,-0.86689,28550,1,9
"$$MOD1,759,12:55:42,52.023430,-0.866090,28613,1,9*7153","M0UPU-1,G0NZO,M0UPU-2,PE2G,G8KNN-1,MI0VIM,G7SVI,G4MYS,G3WGM,G8DHE,RevSpace,G0TDJ,G1XIY,Leo,f4fwt,F5APQ,M0UPU",759,12:55:42,52.02343,-0.86609,28613,1,9
"$$MOD1,760,12:55:54,52.022732,-0.865590,28674,1,9*0A69","M0UPU-1,G8KNN-1,G1XIY,PE2G,G6SUQ,G0NZO,Leo,G0TDJ,M0UPU-2,G8KNN,RevSpace,G8DHE,M6GTG,f4fwt,F5APQ,G3WGM",760,12:55:54,52.022732,-0.86559,28674,1,9
"$$MOD1,761,12:56:06,52.021950,-0.865450,28739,1,9*7433","M0UPU-1,G8KNN-1,G8DHE,PE2G,G6SUQ,G0NZO,MI0VIM,G7SVI,G4MYS,G0TDJ,M0UPU-2,G8KNN,RevSpace,M6GTG,2E0KPI,G1XIY,F5APQ,G3WGM",761,12:56:06,52.02195,-0.86545,28739,1,9
"$$MOD1,762,12:56:18,52.021221,-0.865550,28801,1,9*5B5F","M0UPU-1,G8KNN-1,G1XIY,PE2G,G6SUQ,G3WGM,G0NZO,MI0VIM,RevSpace,2E0KPI,M0UPU,G8DHE,G7SVI,G0TDJ,M6GTG,G4MYS,Leo,F5APQ,M0UPU-2",762,12:56:18,52.021221,-0.86555,28801,1,9
"$$MOD1,763,12:56:28,52.020672,-0.865780,28855,1,9*1C55","M0UPU-1,G0NZO,M0UPU-2,G6SUQ,G8KNN-1,MI0VIM,RevSpace,Leo,G0TDJ,G1XIY,G8KNN,G7SVI,M6GTG,2E0KPI,F5APQ,G3WGM",763,12:56:28,52.020672,-0.86578,28855,1,9
"$$MOD1,764,12:56:40,52.020088,-0.865980,28921,1,9*4B2F","M0UPU-1,G8KNN-1,M0UPU-2,PE2G,G6SUQ,G0NZO,MI0VIM,G7SVI,Leo,M0UPU,G8DHE,RevSpace,G0TDJ,G1XIY,M6GTG,F5APQ,G3WGM",764,12:56:40,52.020088,-0.86598,28921,1,9
"$$MOD1,765,12:56:52,52.019459,-0.865960,28983,1,9*B68E","M0UPU-1,G0NZO,G1XIY,PE2G,G6SUQ,G8KNN-1,MI0VIM,G4MYS,M0UPU,G8DHE,G8KNN,RevSpace,G0TDJ,M6GTG,M0UPU-2,Leo,F5APQ,G3WGM",765,12:56:52,52.019459,-0.86596,28983,1,9
"$$MOD1,766,12:57:04,52.018791,-0.865680,29050,1,9*824C","G0NZO,G1XIY,PE2G,G8KNN-1,RevSpace,G4MYS,G0TDJ,M0UPU-2,G7SVI,G8DHE,M6GTG,2E0KPI,F5APQ,G3WGM",766,12:57:04,52.018791,-0.86568,29050,1,9
"$$MOD1,767,12:57:14,52.018280,-0.865190,29103,1,9*B049","M0UPU-1,G8KNN-1,G8DHE,PE2G,G6SUQ,G0NZO,G7SVI,G4MYS,G3WGM,G1XIY,G8KNN,RevSpace,G0TDJ,M6GTG,M0UPU-2,Leo,F5APQ,M0UPU",767,12:57:14,52.01828,-0.86519,29103,1,9
"$$MOD1,768,12:57:26,52.017471,-0.864140,29165,1,9*2C52","M0UPU-1,G0NZO,M0UPU-2,PE2G,G8KNN-1,MI0VIM,RevSpace,G4MYS,M0UPU,G8DHE,G8KNN,G7SVI,G0TDJ,G1XIY,Leo,M6GTG,F5APQ,G3WGM",768,12:57:26,52.017471,-0.86414,29165,1,9
"$$MOD1,769,12:57:38,52.016521,-0.863340,29231,1,9*CE3D","M0UPU-1,G8KNN-1,G1XIY,PE2G,G6SUQ,G0NZO,G7SVI,G4MYS,G3WGM,M0UPU-2,G8KNN,RevSpace,G0TDJ,M6GTG,Leo,F5APQ,M0UPU",769,12:57:38,52.016521,-0.86334,29231,1,9
"$$MOD1,770,12:57:50,52.015530,-0.862830,29295,1,9*323D","M0UPU-1,G0NZO,M0UPU-2,PE2G,G8KNN-1,MI0VIM,2E0KPI,G3WGM,G1XIY,G8KNN,RevSpace,G0TDJ,Leo,G4MYS,F5APQ,M0UPU",770,12:57:50,52.01553,-0.86283,29295,1,9
"$$MOD1,771,12:58:00,52.014809,-0.862520,29349,1,8*F2CD","G8KNN-1,G1XIY,PE2G,G0NZO,MI0VIM,RevSpace,G4MYS-2,2E0KPI,G3WGM,G7SVI,G0TDJ,M6GTG,G4MYS,Leo,F5APQ",771,12:58:00,52.014809,-0.86252,29349,1,8
"$$MOD1,772,12:58:12,52.014000,-0.861920,29414,1,9*6EC4","G0NZO,M0UPU-2,PE2G,G8KNN-1,MI0VIM,G7SVI,Leo,M0UPU,G1XIY,RevSpace,G0TDJ,M6GTG,2E0KPI,G4MYS,F5APQ,G3WGM",772,12:58:12,52.014,-0.86192,29414,1,9
"$$MOD1,773,12:58:24,52.013088,-0.860970,29477,1,9*7D10","G8KNN-1,M0UPU-2,PE2G,G0NZO,MI0VIM,RevSpace,2E0KPI,G0TDJ,G7SVI,M6GTG,Leo,F5APQ,G3WGM",773,12:58:24,52.013088,-0.86097,29477,1,9
"$$MOD1,774,12:58:36,52.012039,-0.860070,29539,1,9*B474","M0UPU-1,G8KNN-1,M0UPU-2,PE2G,G0NZO,MI0VIM,RevSpace,G4MYS,M0UPU,G8DHE,G7SVI,G0TDJ,M6GTG,2E0KPI,G1XIY,F5APQ,G3WGM",774,12:58:36,52.012039,-0.86007,29539,1,9
"$$MOD1,775,12:58:46,52.011250,-0.859700,29592,1,9*EAD0","M0UPU-1,G8KNN-1,G1XIY,PE2G,G0NZO,MI0VIM,2E0KPI,G3WGM,M0UPU-2,RevSpace,G0TDJ,M6GTG,G4MYS,Leo,F5APQ,M0UPU",775,12:58:46,52.01125,-0.8597,29592,1,9
"$$MOD1,776,12:58:58,52.010288,-0.859030,29657,1,9*E6EC","M0UPU-1,G8KNN-1,M0UPU-2,PE2G,G0NZO,MI0VIM,RevSpace,G4MYS,G0TDJ,G8KNN,G7SVI,M6GTG,2E0KPI,Leo,F5APQ,G3WGM",776,12:58:58,52.010288,-0.85903,29657,1,9
"$$MOD1,777,12:59:10,52.009048,-0.858090,29724,1,9*C133","M0UPU-1,G8KNN-1,G1XIY,PE2G,G6SUQ,G0NZO,MI0VIM,G7SVI,M0UPU,2E0KPI,F5APQ,G8DHE,RevSpace,G0TDJ,M6GTG,M0UPU-2,Leo,G4MYS,G3WGM",777,12:59:10,52.009048,-0.85809,29724,1,9
"$$MOD1,778,12:59:22,52.007881,-0.857230,29790,1,9*2D54","M0UPU-1,G8KNN-1,M0UPU-2,PE2G,G6SUQ,G0NZO,RevSpace,G4MYS,M0UPU,G1XIY,G7SVI,G0TDJ,M6GTG,2E0KPI,Leo,F5APQ,G3WGM",778,12:59:22,52.007881,-0.85723,29790,1,9
"$$MOD1,779,12:59:32,52.007069,-0.856780,29844,1,9*079D","M0UPU-1,G8KNN-1,M0UPU-2,PE2G,G6SUQ,G0NZO,MI0VIM,G7SVI,G4MYS,G3WGM,G8DHE,RevSpace,G0TDJ,M6GTG,2E0KPI,Leo,F5APQ,M0UPU",779,12:59:32,52.007069,-0.85678,29844,1,9
"$$MOD1,780,12:59:44,52.005970,-0.856000,29909,1,9*C18A","M0UPU-1,G8KNN-1,M0UPU-2,PE2G,G0NZO,F5APQ,RevSpace,2E0KPI,G3WGM,G7SVI,G0TDJ,M6GTG,Leo,M1ARI,G4MYS,M0UPU",780,12:59:44,52.00597,-0.856,29909,1,9
"$$MOD1,781,12:59:56,52.004971,-0.854910,29973,1,9*AD8F","M0UPU-1,G0NZO,M0UPU-2,PE2G,G6SUQ,G8KNN-1,MI0VIM,G7SVI,Leo,G3WGM,G8DHE,G8KNN,RevSpace,G0TDJ,G4MYS,F5APQ",781,12:59:56,52.004971,-0.85491,29973,1,9
"$$MOD1,782,13:00:08,52.003979,-0.854110,30037,1,9*F202","M0UPU-1,G8KNN-1,G8DHE,PE2G,G6SUQ,G0NZO,G7SVI,M0UPU,G4MYS,f4fwt,M0UPU-2,G8KNN,RevSpace,G0TDJ,M6GTG,Leo,M1ARI,F5APQ,G3WGM",782,13:00:08,52.003979,-0.85411,30037,1,9
"$$MOD1,783,13:00:18,52.003101,-0.853620,30097,1,9*BA17","M0UPU-1,G8KNN-1,M0UPU-2,G8DHE,PE2G,G6SUQ,G0NZO,MI0VIM,G7SVI,Leo,G3WGM,G1XIY,G8KNN,G4MYS,RevSpace,G0TDJ,M6GTG,2E0KPI,M1ARI,F5APQ,M0UPU",783,13:00:18,52.003101,-0.85362,30097,1,9
"$$MOD1,784,13:00:30,52.001942,-0.853330,30162,1,9*32A0","M0UPU-1,G8KNN-1,M0UPU-2,PE2G,G6SUQ,G0NZO,MI0VIM,G7SVI,G4MYS,G3WGM,G1XIY,G8KNN,RevSpace,G0TDJ,M6GTG,Leo,M1ARI,F5APQ",784,13:00:30,52.001942,-0.85333,30162,1,9
"$$MOD1,785,13:00:42,52.000740,-0.853180,30228,1,9*9816","M0UPU-1,G8KNN-1,G8DHE,PE2G,G6SUQ,G0NZO,MI0VIM,G4MYS,G0TDJ,M0UPU-2,G8KNN,RevSpace,M6GTG,Leo,M1ARI,F5APQ,G3WGM",785,13:00:42,52.00074,-0.85318,30228,1,9
"$$MOD1,786,13:00:54,51.999500,-0.852900,30294,1,8*8D78","M0UPU-1,G0NZO,M0UPU-2,PE2G,G6SUQ,G8KNN-1,RevSpace,G4MYS,G3WGM,G8DHE,G8KNN,G7SVI,G0TDJ,M6GTG,Leo,M1ARI,F5APQ,M0UPU",786,13:00:54,51.9995,-0.8529,30294,1,8
"$$MOD1,787,13:01:04,51.998611,-0.852600,30349,1,9*F59D","M0UPU-1,G8KNN-1,G1XIY,PE2G,G6SUQ,G0NZO,MI0VIM,G7SVI,G4MYS-2,G4MYS,G0TDJ,M0UPU-2,G8KNN,RevSpace,G8DHE,M6GTG,Leo,M1ARI,G3WGM",787,13:01:04,51.998611,-0.8526,30349,1,9
"$$MOD1,788,13:01:16,51.997421,-0.851990,30412,1,9*BF89","M0UPU-1,G8KNN-1,M0UPU-2,PE2G,G6SUQ,G0NZO,MI0VIM,RevSpace,G4MYS-2,G4MYS,f4fwt,G1XIY,G8KNN,G7SVI,G0TDJ,M6GTG,Leo,M1ARI,F5APQ,G3WGM",788,13:01:16,51.997421,-0.85199,30412,1,9
"$$MOD1,789,13:01:28,51.996269,-0.851050,30476,1,9*D233","M0UPU-1,G8KNN-1,M0UPU-2,PE2G,G6SUQ,G0NZO,MI0VIM,G7SVI,G4MYS-2,G4MYS,G0TDJ,G8KNN,RevSpace,M6GTG,Leo,F5APQ,G3WGM",789,13:01:28,51.996269,-0.85105,30476,1,9
"$$MOD1,790,13:01:40,51.995258,-0.849880,30538,1,10*5DBB","M0UPU-1,G8KNN-1,M0UPU-2,PE2G,G6SUQ,G0NZO,MI0VIM,G4MYS-2,G4MYS,G3WGM,G8DHE,G8KNN,RevSpace,G0TDJ,M6GTG,Leo,F5APQ",790,13:01:40,51.995258,-0.84988,30538,1,10
"$$MOD1,791,13:01:50,51.994461,-0.848800,30589,1,10*A876","M0UPU-1,G8KNN-1,G8KNN-2,G8DHE,PE2G,G6SUQ,G0NZO,MI0VIM,RevSpace,G4MYS-2,G4MYS,G3WGM,M0UPU-2,G8KNN,G7SVI,G0TDJ,M6GTG,Leo,F5APQ,M0UPU",791,13:01:50,51.994461,-0.8488,30589,1,10
"$$MOD1,792,13:02:02,51.993252,-0.847440,30652,1,10*3E74","M0UPU-1,G8KNN-1,G8KNN-2,G8DHE,PE2G,G6SUQ,G0NZO,MI0VIM,G7SVI,G4MYS-2,2E0KPI,G3WGM,M0UPU-2,G8KNN,RevSpace,G0TDJ,Leo,G4MYS,F5APQ,M0UPU",792,13:02:02,51.993252,-0.84744,30652,1,10
"$$MOD1,793,13:02:14,51.992031,-0.846180,30716,1,10*B947","M0UPU-1,G8KNN-1,G8KNN-2,M0UPU-2,PE2G,G6SUQ,G0NZO,MI0VIM,G7SVI,2E0KPI,G3WGM,G8DHE,G8KNN,RevSpace,G0TDJ,M6GTG,G4MYS,Leo,F5APQ,M0UPU",793,13:02:14,51.992031,-0.84618,30716,1,10
"$$MOD1,794,13:02:26,51.990822,-0.845040,30782,1,10*DCA1","M0UPU-1,G8KNN-1,G8KNN-2,M0UPU-2,PE2G,G6SUQ,G0NZO,MI0VIM,G7SVI,2E0KPI,G3WGM,G8KNN,RevSpace,G0TDJ,M6GTG,Leo,G4MYS,F5APQ,M0UPU",794,13:02:26,51.990822,-0.84504,30782,1,10
"$$MOD1,795,13:02:38,51.989689,-0.844120,30842,1,10*D1E7","M0UPU-1,G8KNN-1,G8KNN-2,M0UPU-2,PE2G,G6SUQ,G0NZO,MI0VIM,2E0KPI,G0TDJ,G8DHE,G8KNN,RevSpace,M6GTG,G4MYS,Leo,F5APQ,G3WGM",795,13:02:38,51.989689,-0.84412,30842,1,10
"$$MOD1,796,13:02:50,51.988491,-0.843190,30905,1,10*1C19","M0UPU-1,G0NZO,G8KNN-2,G8DHE,PE2G,G6SUQ,G8KNN-1,MI0VIM,RevSpace,2E0KPI,G3WGM,M0UPU-2,G8KNN,G7SVI,G0TDJ,M6GTG,Leo,G4MYS,F5APQ,M0UPU",796,13:02:50,51.988491,-0.84319,30905,1,10
"$$MOD1,797,13:03:02,51.987190,-0.842630,30969,1,10*5D16","M0UPU-1,G0NZO,G8KNN-2,M0UPU-2,PE2G,G8KNN-1,MI0VIM,G7SVI,G4MYS,G0TDJ,G8KNN,RevSpace,M6GTG,2E0KPI,Leo,F5APQ,G3WGM",797,13:03:02,51.98719,-0.84263,30969,1,10
"$$MOD1,798,13:03:12,51.986149,-0.841880,31021,1,10*6B26","M0UPU-1,G0NZO,G8KNN-2,G1XIY,PE2G,G6SUQ,MI0VIM,RevSpace,2E0KPI,G3WGM,G8DHE,G8KNN,G7SVI,G0TDJ,M6GTG,M0UPU-2,Leo,G4MYS,M0UPU",798,13:03:12,51.986149,-0.84188,31021,1,10
"$$MOD1,799,13:03:24,51.985111,-0.841280,31081,1,10*0DA8","M0UPU-1,G0NZO,G8KNN-2,M0UPU-2,PE2G,MI0VIM,RevSpace,G4MYS,G0TDJ,G1XIY,G8KNN,G7SVI,M6GTG,Leo,F5APQ,G3WGM",799,13:03:24,51.985111,-0.84128,31081,1,10
"$$MOD1,800,13:03:36,51.984150,-0.840620,31143,1,9*759D","G0NZO,G8KNN-2,M0UPU-2,PE2G,G8KNN-1,MI0VIM,G4MYS,G3WGM,G1XIY,G8KNN,RevSpace,G0TDJ,M6GTG,2E0KPI,Leo,F5APQ",800,13:03:36,51.98415,-0.84062,31143,1,9
"$$MOD1,801,13:03:48,51.983349,-0.839910,31207,1,10*423F","M0UPU-1,G8KNN-1,M0UPU-2,PE2G,G0NZO,G7SVI,2E0KPI,G0TDJ,G1XIY,G8KNN,RevSpace,M6GTG,Leo,G4MYS,F5APQ,G3WGM",801,13:03:48,51.983349,-0.83991,31207,1,10
"$$MOD1,802,13:04:00,51.982769,-0.839130,31270,1,10*A0D2","M0UPU-1,G8KNN-1,G8KNN-2,G1XIY,PE2G,G6SUQ,G0NZO,G7SVI,G4MYS,M0UPU,G8DHE,G8KNN,RevSpace,G0TDJ,M6GTG,M0UPU-2,Leo,F5APQ,G3WGM",802,13:04:00,51.982769,-0.83913,31270,1,10
"$$MOD1,803,13:04:12,51.982109,-0.837980,31332,1,10*089C","M0UPU-1,G8KNN-1,G8KNN-2,M0UPU-2,PE2G,G6SUQ,G0NZO,G7SVI,G4MYS,M0UPU,G8DHE,G8KNN,RevSpace,G1XIY,Leo,M6GTG,F5APQ,G3WGM",803,13:04:12,51.982109,-0.83798,31332,1,10
"$$MOD1,804,13:04:24,51.981400,-0.836490,31398,1,10*B67B","M0UPU-1,G8KNN-1,G8KNN-2,M0UPU-2,PE2G,G6SUQ,G0NZO,G7SVI,2E0KPI,M0UPU,G1XIY,G8KNN,RevSpace,G8DHE,M6GTG,Leo,F5APQ,G3WGM",804,13:04:24,51.9814,-0.83649,31398,1,10
"$$MOD1,805,13:04:34,51.980518,-0.835400,31457,1,10*3734","M0UPU-1,G0NZO,G8KNN-2,M0UPU-2,PE2G,G6SUQ,MI0VIM,M1ARI,2E0KPI,G3WGM,G1XIY,G8KNN,RevSpace,G8DHE,M6GTG,Leo,G4MYS,F5APQ",805,13:04:34,51.980518,-0.8354,31457,1,10
"$$MOD1,806,13:04:46,51.979439,-0.833700,31524,1,10*9803","M0UPU-1,G0NZO,G8KNN-2,M0UPU-2,PE2G,G6SUQ,MI0VIM,M1ARI,G7SVI,G4MYS,M0UPU,G8DHE,G8KNN,RevSpace,G0TDJ,M6GTG,Leo,G1XIY,F5APQ,G3WGM",806,13:04:46,51.979439,-0.8337,31524,1,10
"$$MOD1,807,13:04:58,51.978310,-0.831900,31595,1,9*8034","M0UPU-1,G8KNN-1,G8KNN-2,M0UPU-2,PE2G,G6SUQ,G0NZO,M1ARI,RevSpace,G4MYS,G3WGM,G8DHE,G8KNN,G7SVI,G1XIY,Leo,M6GTG,F5APQ,M0UPU",807,13:04:58,51.97831,-0.8319,31595,1,9
"$$MOD1,808,13:05:10,51.977348,-0.830450,31661,1,11*A08A","M0UPU-1,G8KNN-1,G8KNN-2,G8DHE,PE2G,G0NZO,MI0VIM,G7SVI,2E0KPI,M0UPU,G1XIY,G8KNN,RevSpace,M6GTG,G4MYS,Leo,F5APQ",808,13:05:10,51.977348,-0.83045,31661,1,11
"$$MOD1,809,13:05:22,51.976341,-0.828840,31733,1,11*3394","M0UPU-1,G0NZO,G8KNN-2,G8DHE,PE2G,G6SUQ,G3WGM,MI0VIM,RevSpace,2E0KPI,F5APQ,G1XIY,G8KNN,G7SVI,M6GTG,M0UPU-2,Leo,G4MYS,M0UPU",809,13:05:22,51.976341,-0.82884,31733,1,11
"$$MOD1,810,13:05:34,51.975262,-0.827150,31801,1,11*1571","M0UPU-1,G0NZO,G8KNN-2,M0UPU-2,PE2G,G6SUQ,MI0VIM,Leo,G3WGM,G8DHE,G8KNN,RevSpace,M6GTG,2E0KPI,G4MYS",810,13:05:34,51.975262,-0.82715,31801,1,11
"$$MOD1,811,13:05:44,51.974480,-0.826100,31855,1,11*D7FC","M0UPU-1,G8KNN-1,G8KNN-2,G1XIY,PE2G,G6SUQ,G0NZO,MI0VIM,G7SVI,2E0KPI,G3WGM,M0UPU-2,G8KNN,RevSpace,M6GTG,G4MYS,Leo,F5APQ,M0UPU",811,13:05:44,51.97448,-0.8261,31855,1,11
"$$MOD1,812,13:05:56,51.973850,-0.824680,31918,1,11*8A5B","M0UPU-1,G8KNN-1,G8KNN-2,G1XIY,PE2G,G6SUQ,G0NZO,MI0VIM,RevSpace,G4MYS,G3WGM,M0UPU-2,G8KNN,G7SVI,G0TDJ,M6GTG,2E0KPI,Leo,F5APQ,M0UPU",812,13:05:56,51.97385,-0.82468,31918,1,11
"$$MOD1,813,13:06:08,51.973270,-0.823110,31983,1,11*8E22","M0UPU-1,G0NZO,G8KNN-2,M0UPU-2,PE2G,G6SUQ,G8KNN-1,MI0VIM,RevSpace,G4MYS,G3WGM,G1XIY,G8KNN,G7SVI,G0TDJ,M6GTG,Leo,F5APQ,M0UPU",813,13:06:08,51.97327,-0.82311,31983,1,11
"$$MOD1,814,13:06:20,51.972969,-0.821310,32046,1,11*49CE","G8KNN-1,G8KNN-2,M0UPU-2,PE2G,G6SUQ,G0NZO,M1ARI,Leo,G3WGM,G8KNN,RevSpace,M6GTG,2E0KPI,G4MYS,F5APQ,M0UPU",814,13:06:20,51.972969,-0.82131,32046,1,11
"$$MOD1,815,13:06:32,51.972790,-0.819530,32111,1,11*6C81","M0UPU-1,G0NZO,G8KNN-2,M0UPU-2,PE2G,G6SUQ,MI0VIM,Leo,G7SVI,G4MYS,G3WGM,G8KNN,RevSpace,G0TDJ,M6GTG,2E0KPI,M1ARI,F5APQ",815,13:06:32,51.97279,-0.81953,32111,1,11
"$$MOD1,816,13:06:44,51.972340,-0.817640,32173,1,11*5A93","M0UPU-1,G8KNN-1,G8KNN-2,M0UPU-2,PE2G,G6SUQ,G0NZO,MI0VIM,G7SVI,G4MYS,G3WGM,G1XIY,G8KNN,RevSpace,G0TDJ,M6GTG,Leo,M1ARI,F5APQ,M0UPU",816,13:06:44,51.97234,-0.81764,32173,1,11
"$$MOD1,817,13:06:56,51.971821,-0.815670,32234,1,11*828E","M0UPU-1,G0NZO,G8KNN-2,M0UPU-2,PE2G,G6SUQ,MI0VIM,RevSpace,2E0KPI,G3WGM,G8KNN,G7SVI,G0TDJ,M6GTG,G4MYS,Leo,F5APQ,M0UPU",817,13:06:56,51.971821,-0.81567,32234,1,11
"$$MOD1,818,13:07:06,51.971210,-0.814330,32285,1,11*D5D3","M0UPU-1,G0NZO,G8KNN-2,M0UPU-2,PE2G,G6SUQ,MI0VIM,RevSpace,G4MYS,G3WGM,G1XIY,G8KNN,G7SVI,G0TDJ,M6GTG,2E0KPI,Leo,F5APQ,M0UPU",818,13:07:06,51.97121,-0.81433,32285,1,11
"$$MOD1,819,13:07:18,51.970131,-0.812640,32346,1,11*37A8","M0UPU-1,G8KNN-1,G8KNN-2,M0UPU-2,PE2G,G6SUQ,G0NZO,MI0VIM,Leo,G3WGM,G8KNN,RevSpace,G0TDJ,M6GTG,G4MYS,F5APQ,M0UPU",819,13:07:18,51.970131,-0.81264,32346,1,11
"$$MOD1,820,13:07:30,51.969002,-0.811050,32408,1,11*434F","G0NZO,PE2G,Leo,F5APQ,G8KNN,G4MYS",820,13:07:30,51.969002,-0.81105,32408,1,11
"$$MOD1,821,13:07:42,51.967621,-0.809810,32352,1,11*CF41","M0UPU-1,G0NZO,G8KNN-2,M0UPU-2,PE2G,MI0VIM,G4MYS,G3WGM,G8KNN,G7SVI,M6GTG,F5APQ,M0UPU",821,13:07:42,51.967621,-0.80981,32352,1,11
"$$MOD1,822,13:07:54,51.966560,-0.808300,31608,1,11*BE45","M0UPU-1,G0NZO,G8KNN-2,M0UPU-2,PE2G,MI0VIM,G7SVI,G4MYS,G3WGM,G8KNN,RevSpace,M6GTG,F5APQ,M0UPU",822,13:07:54,51.96656,-0.8083,31608,1,11
"$$MOD1,823,13:08:06,51.965618,-0.806590,30844,1,10*FB8A","M0UPU-1,G0NZO,M0UPU-2,G4MYS,M0UPU,G8KNN,G7SVI,F5APQ,G3WGM",823,13:08:06,51.965618,-0.80659,30844,1,10
"$$MOD1,824,13:08:18,51.964611,-0.805260,30078,1,10*A857","G0NZO,G8KNN-2,M0UPU-2,PE2G,G4MYS,G3WGM,G8KNN,RevSpace,F5APQ",824,13:08:18,51.964611,-0.80526,30078,1,10
"$$MOD1,825,13:08:28,51.963879,-0.804850,29490,1,11*A5BB","G0NZO,M0UPU-2,PE2G,MI0VIM,G4MYS,G3WGM,G8KNN,G7SVI,F5APQ",825,13:08:28,51.963879,-0.80485,29490,1,11
"$$MOD1,826,13:08:40,51.962818,-0.804550,28845,1,11*D224","M0UPU-1,G8KNN-1,M0UPU-2,PE2G,G0NZO,RevSpace,G4MYS,G3WGM,G8KNN,G7SVI,2E0KPI,F5APQ,M0UPU",826,13:08:40,51.962818,-0.80455,28845,1,11
"$$MOD1,827,13:08:52,51.961578,-0.804770,28236,1,11*ACB9","M0UPU-1,G0NZO,M0UPU-2,PE2G,G8KNN-1,RevSpace,M0UPU,G8KNN,G7SVI,M6GTG,F5APQ,G3WGM",827,13:08:52,51.961578,-0.80477,28236,1,11
"$$MOD1,828,13:09:04,51.960770,-0.804250,27666,1,11*8C3C","M0UPU-1,G8KNN-1,M0UPU-2,G0NZO,RevSpace,G4MYS,G3WGM,G1XIY,G8KNN,G7SVI,G0TDJ,2E0KPI,F5APQ",828,13:09:04,51.96077,-0.80425,27666,1,11
"$$MOD1,829,13:09:16,51.959961,-0.803600,27131,1,11*06BA","M0UPU-1,G8KNN-1,M0UPU-2,PE2G,G0NZO,G4MYS,G3WGM,G8KNN,RevSpace,M6GTG,F5APQ",829,13:09:16,51.959961,-0.8036,27131,1,11
"$$MOD1,830,13:09:28,51.959610,-0.802610,26597,1,11*5E28","M0UPU-1,G0NZO,M0UPU-2,PE2G,RevSpace,G4MYS,M0UPU,G8KNN,G7SVI,F5APQ,G3WGM",830,13:09:28,51.95961,-0.80261,26597,1,11
"$$MOD1,831,13:09:40,51.959251,-0.802380,26058,1,11*32E3","M0UPU-1,G0NZO,M0UPU-2,PE2G,G8KNN-1,MI0VIM,RevSpace,G4MYS-2,G4MYS,G3WGM,G8DHE,G8KNN,G7SVI,G0TDJ,M6GTG,2E0KPI,F5APQ,M0UPU",831,13:09:40,51.959251,-0.80238,26058,1,11
"$$MOD1,832,13:09:50,51.958591,-0.803890,25670,1,11*77CC","M0UPU-1,G0NZO,M0UPU-2,PE2G,G8KNN-1,MI0VIM,G7SVI,G4MYS,M0UPU,G8KNN,RevSpace,M6GTG,F5APQ,G3WGM",832,13:09:50,51.958591,-0.80389,25670,1,11
"$$MOD1,833,13:10:02,51.957119,-0.804270,25201,1,11*4D2C","M0UPU-1,G8KNN-1,M0UPU-2,PE2G,G0NZO,G7SVI,2E0KPI,M0UPU,G8KNN,RevSpace,M6GTG,F5APQ,G3WGM",833,13:10:02,51.957119,-0.80427,25201,1,11
"$$MOD1,834,13:10:14,51.955872,-0.804840,24749,1,11*1211","M0UPU-1,G0NZO,M0UPU-2,PE2G,G8KNN-1,2E0KPI,G0TDJ,G8KNN,RevSpace,M6GTG,G4MYS,F5APQ,G3WGM",834,13:10:14,51.955872,-0.80484,24749,1,11
"$$MOD1,835,13:10:26,51.954609,-0.805060,24332,1,11*18BE","M0UPU-1,G8KNN-1,M0UPU-2,PE2G,G0NZO,G7SVI,G4MYS,G3WGM,G8KNN,RevSpace,G0TDJ,M6GTG,F5APQ,M0UPU",835,13:10:26,51.954609,-0.80506,24332,1,11
"$$MOD1,836,13:10:38,51.953979,-0.804200,23934,1,11*D5CA","M0UPU-1,G8KNN-1,G8KNN-2,M0UPU-2,PE2G,G0NZO,RevSpace,G4MYS,M0UPU,G8KNN,G7SVI,G0TDJ,M6GTG,2E0KPI,Leo,F5APQ,G3WGM",836,13:10:38,51.953979,-0.8042,23934,1,11
"$$MOD1,837,13:10:50,51.953320,-0.803850,23546,1,11*29F2","M0UPU-1,G8KNN-1,G8KNN-2,M0UPU-2,PE2G,G0NZO,RevSpace,G4MYS,M0UPU,G8KNN,G7SVI,G0TDJ,M6GTG,Leo,F5APQ,G3WGM",837,13:10:50,51.95332,-0.80385,23546,1,11
"$$MOD1,838,13:11:00,51.952530,-0.803820,23238,1,10*4F2C","M0UPU-1,G0NZO,M0UPU-2,PE2G,G8KNN-1,G7SVI,G4MYS,M0UPU,G8DHE,RevSpace,G0TDJ,M6GTG,F5APQ,G3WGM",838,13:11:00,51.95253,-0.80382,23238,1,10
"$$MOD1,839,13:11:12,51.951672,-0.803240,22867,1,11*44E0","G0NZO,G8KNN-2,M0UPU-2,PE2G,G8KNN-1,MI0VIM,G4MYS,G3WGM,G8KNN,RevSpace,G0TDJ,M6GTG,Leo,F5APQ",839,13:11:12,51.951672,-0.80324,22867,1,11
"$$MOD1,840,13:11:24,51.951221,-0.802550,22496,1,11*942B","M0UPU-1,G0NZO,M0UPU-2,G8KNN-1,RevSpace,G4MYS,G0TDJ,G8KNN,G7SVI,M6GTG,F5APQ,G3WGM",840,13:11:24,51.951221,-0.80255,22496,1,11
"$$MOD1,841,13:11:36,51.950932,-0.802280,22123,1,11*0F72","M0UPU-1,G8KNN-1,G8KNN-2,G8DHE,PE2G,G0NZO,MI0VIM,RevSpace,G4MYS,G3WGM,M0UPU-2,G8KNN,G7SVI,G0TDJ,M6GTG,F5APQ,M0UPU",841,13:11:36,51.950932,-0.80228,22123,1,11
"$$MOD1,842,13:11:48,51.950871,-0.802130,21762,1,11*0F10","M0UPU-1,G8KNN-1,G8KNN-2,M0UPU-2,PE2G,G0NZO,RevSpace,G4MYS,M0UPU,G8DHE,G8KNN,G7SVI,G0TDJ,M6GTG,Leo,F5APQ,G3WGM",842,13:11:48,51.950871,-0.80213,21762,1,11
"$$MOD1,843,13:12:00,51.950981,-0.801970,21417,1,11*7814","M0UPU-1,G8KNN-1,G8KNN-2,M0UPU-2,PE2G,G0NZO,G7SVI,G4MYS,G0TDJ,G8DHE,G8KNN,RevSpace,M6GTG,F5APQ,G3WGM",843,13:12:00,51.950981,-0.80197,21417,1,11
"$$MOD1,844,13:12:12,51.950939,-0.801820,21091,1,10*8EAD","M0UPU-1,G0NZO,G8KNN-2,M0UPU-2,PE2G,G8KNN-1,G4MYS,G0TDJ,G8DHE,G8KNN,RevSpace,M6GTG,F5APQ,G3WGM",844,13:12:12,51.950939,-0.80182,21091,1,10
"$$MOD1,845,13:12:22,51.950691,-0.801890,20812,1,11*6DDC","M0UPU-1,G8KNN-1,G8KNN-2,M0UPU-2,G0NZO,G7SVI,G4MYS,G3WGM,G8KNN,RevSpace,G0TDJ,M6GTG,M0UPU",845,13:12:22,51.950691,-0.80189,20812,1,11
"$$MOD1,846,13:12:34,51.950661,-0.801730,20458,1,11*811D","G8KNN-1,G8KNN-2,M0UPU-2,G0NZO,G7SVI,G4MYS,M0UPU,G8DHE,G8KNN,RevSpace,G0TDJ,M6GTG,F5APQ,G3WGM",846,13:12:34,51.950661,-0.80173,20458,1,11
"$$MOD1,847,13:12:46,51.950722,-0.802120,20119,1,11*7E99","G8KNN-1,G8KNN-2,M0UPU-2,PE2G,G0NZO,G7SVI,G4MYS,G3WGM,G8KNN,RevSpace,G0TDJ,M6GTG,Leo,F5APQ,M0UPU",847,13:12:46,51.950722,-0.80212,20119,1,11
"$$MOD1,848,13:12:58,51.950520,-0.802490,19785,1,11*779E","M0UPU-1,G0NZO,G8KNN-2,M0UPU-2,PE2G,G8KNN-1,G4MYS,M0UPU,G8KNN,RevSpace,G0TDJ,M6GTG,Leo,F5APQ,G3WGM",848,13:12:58,51.95052,-0.80249,19785,1,11
"$$MOD1,849,13:13:10,51.950199,-0.802890,19462,1,11*2928","M0UPU-1,G8KNN-1,G8KNN-2,M0UPU-2,PE2G,G0NZO,G4MYS,G0TDJ,G8DHE,G8KNN,RevSpace,M6GTG,F5APQ,G3WGM",849,13:13:10,51.950199,-0.80289,19462,1,11
"$$MOD1,850,13:13:22,51.949829,-0.803340,19143,1,11*D601","G8KNN-1,G8KNN-2,M0UPU-2,PE2G,G6SUQ,G0NZO,G7SVI,Leo,G3WGM,G1XIY,G8KNN,RevSpace,G0TDJ,M6GTG,G4MYS,F5APQ",850,13:13:22,51.949829,-0.80334,19143,1,11
"$$MOD1,851,13:13:34,51.949631,-0.803380,18833,1,11*A08A","M0UPU-1,G8KNN-1,G8KNN-2,M0UPU-2,PE2G,G6SUQ,G0NZO,RevSpace,G4MYS,G3WGM,G1XIY,G8KNN,G7SVI,G0TDJ,M6GTG,Leo,F5APQ",851,13:13:34,51.949631,-0.80338,18833,1,11
"$$MOD1,852,13:13:44,51.949310,-0.803650,18581,1,11*FF66","G8KNN-1,G8KNN-2,M0UPU-2,PE2G,G0NZO,RevSpace,G4MYS,M0UPU,G8DHE,G8KNN,G7SVI,G0TDJ,G1XIY,Leo,M6GTG,F5APQ,G3WGM",852,13:13:44,51.94931,-0.80365,18581,1,11
"$$MOD1,853,13:13:56,51.949032,-0.803150,18296,1,12*C728","M0UPU-1,G8KNN-1,G8KNN-2,M0UPU-2,PE2G,G0NZO,G4MYS,G3WGM,G8KNN,RevSpace,G0TDJ,M6GTG,Leo,F5APQ,M0UPU",853,13:13:56,51.949032,-0.80315,18296,1,12
"$$MOD1,854,13:14:08,51.949100,-0.802970,18023,1,12*441F","M0UPU-1,G8KNN-1,G8KNN-2,M0UPU-2,PE2G,G0NZO,RevSpace,G4MYS,G0TDJ,G8DHE,G8KNN,G7SVI,M6GTG,Leo,G1XIY,F5APQ,G3WGM",854,13:14:08,51.9491,-0.80297,18023,1,12
"$$MOD1,855,13:14:20,51.948818,-0.802840,17757,1,12*085F","M0UPU-1,G0NZO,G8KNN-2,G8DHE,PE2G,G8KNN-1,G7SVI,G4MYS,M0UPU,G1XIY,G8KNN,RevSpace,G0TDJ,M6GTG,M0UPU-2,Leo,F5APQ,G3WGM",855,13:14:20,51.948818,-0.80284,17757,1,12
"$$MOD1,856,13:14:32,51.948631,-0.802330,17496,1,12*7E2E","M0UPU-1,G8KNN-1,G8KNN-2,M0UPU-2,PE2G,G0NZO,RevSpace,Leo,G3WGM,G8DHE,G8KNN,G7SVI,G0TDJ,M6GTG,G4MYS,G1XIY,M0UPU",856,13:14:32,51.948631,-0.80233,17496,1,12
"$$MOD1,857,13:14:44,51.948681,-0.802470,17240,1,11*85C2","M0UPU-1,G8KNN-1,G8KNN-2,M0UPU-2,G0NZO,G7SVI,Leo,G3WGM,G8DHE,G8KNN,RevSpace,G0TDJ,G1XIY,G4MYS,M6GTG,F5APQ,M0UPU",857,13:14:44,51.948681,-0.80247,17240,1,11
"$$MOD1,858,13:14:56,51.948299,-0.802560,16993,1,12*C757","G8KNN-1,G8KNN-2,G8DHE,PE2G,G0NZO,G4MYS,G3WGM,G1XIY,G8KNN,RevSpace,G0TDJ,M6GTG,M0UPU-2,Leo,F5APQ,M0UPU",858,13:14:56,51.948299,-0.80256,16993,1,12
"$$MOD1,859,13:15:06,51.948151,-0.802100,16789,1,12*CB40","G8KNN-1,G8KNN-2,G1XIY,PE2G,G6SUQ,G0NZO,RevSpace,G4MYS,G0TDJ,G8DHE,G8KNN,G7SVI,M6GTG,M0UPU-2,F5APQ,G3WGM",859,13:15:06,51.948151,-0.8021,16789,1,12
"$$MOD1,860,13:15:18,51.947990,-0.801220,16551,1,12*0FFC","G0NZO,G8KNN-2,G1XIY,PE2G,G6SUQ,G8KNN-1,G7SVI,G4MYS,G3WGM,M0UPU-2,G8KNN,RevSpace,G0TDJ,M6GTG,Leo,F5APQ,M0UPU",860,13:15:18,51.94799,-0.80122,16551,1,12
"$$MOD1,861,13:15:30,51.947750,-0.799950,16316,1,12*9E24","M0UPU-1,G0NZO,G8KNN-2,M0UPU-2,PE2G,G6SUQ,G8KNN-1,RevSpace,G4MYS,G0TDJ,G1XIY,G8KNN,G7SVI,G8DHE,M6GTG,F5APQ,G3WGM",861,13:15:30,51.94775,-0.79995,16316,1,12
"$$MOD1,862,13:15:42,51.947731,-0.798930,16087,1,12*C093","M0UPU-1,G8KNN-1,G8KNN-2,M0UPU-2,PE2G,G6SUQ,G0NZO,RevSpace,G4MYS,G3WGM,G8DHE,G8KNN,G7SVI,G0TDJ,M6GTG,G1XIY,F5APQ,M0UPU",862,13:15:42,51.947731,-0.79893,16087,1,12
"$$MOD1,863,13:15:54,51.947689,-0.798030,15863,1,12*7B21","M0UPU-1,G8KNN-1,G8KNN-2,G1XIY,PE2G,G6SUQ,G0NZO,G4MYS,G3WGM,G8DHE,G8KNN,RevSpace,G0TDJ,M6GTG,M0UPU-2,F5APQ",863,13:15:54,51.947689,-0.79803,15863,1,12
"$$MOD1,864,13:16:06,51.947090,-0.797680,15643,1,11*5A7E","M0UPU-1,G8KNN-1,G8KNN-2,M0UPU-2,PE2G,G6SUQ,G0NZO,RevSpace,G4MYS,G3WGM,G8DHE,G1XIY,G8KNN,G7SVI,G0TDJ,M6GTG,F5APQ,M0UPU",864,13:16:06,51.94709,-0.79768,15643,1,11
"$$MOD1,865,13:16:18,51.946419,-0.796400,15430,1,11*FB1B","M0UPU-1,G8KNN-1,G8KNN-2,G1XIY,G6SUQ,G0NZO,G7SVI,G4MYS,G0TDJ,M0UPU-2,G8KNN,RevSpace,G8DHE,M6GTG,F5APQ,G3WGM",865,13:16:18,51.946419,-0.7964,15430,1,11
"$$MOD1,866,13:16:28,51.946140,-0.795450,15254,1,12*29EA","M0UPU-1,G0NZO,G8KNN-2,G8DHE,PE2G,G6SUQ,G8KNN-1,G7SVI,G4MYS,F5APQ,M0UPU-2,G8KNN,RevSpace,G0TDJ,M6GTG,G1XIY,G3WGM",866,13:16:28,51.94614,-0.79545,15254,1,12
"$$MOD1,867,13:16:40,51.946190,-0.794610,15045,1,12*B11A","M0UPU-1,G8KNN-1,G8KNN-2,M0UPU-2,G6SUQ,G0NZO,G7SVI,G4MYS,M0UPU,G8DHE,G8KNN,RevSpace,G0TDJ,G1XIY,M6GTG,F5APQ,G3WGM",867,13:16:40,51.94619,-0.79461,15045,1,12
"$$MOD1,868,13:16:52,51.946178,-0.793960,14841,1,12*D105","M0UPU-1,G8KNN-1,G8KNN-2,G1XIY,G0NZO,G4MYS,G3WGM,G8DHE,G8KNN,RevSpace,G0TDJ,M6GTG,2E0KPI,Leo,M0UPU-2",868,13:16:52,51.946178,-0.79396,14841,1,12
"$$MOD1,869,13:17:04,51.945930,-0.792590,14640,1,12*4D11","M0UPU-1,G8KNN-1,G8KNN-2,G8DHE,G6SUQ,G0NZO,RevSpace,G4MYS,M0UPU,M0UPU-2,G8KNN,G7SVI,G0TDJ,2E0KPI,Leo,F5APQ,G3WGM",869,13:17:04,51.94593,-0.79259,14640,1,12
"$$MOD1,870,13:17:16,51.945599,-0.790820,14445,1,12*269A","M0UPU-1,G8KNN-1,G8KNN-2,M0UPU-2,G0NZO,G4MYS,G3WGM,G8DHE,G8KNN,RevSpace,G0TDJ,M6GTG,2E0KPI,F5APQ,M0UPU",870,13:17:16,51.945599,-0.79082,14445,1,12
"$$MOD1,871,13:17:28,51.945019,-0.788740,14256,1,12*ABE1","G0NZO,G8KNN-2,M0UPU-2,G8KNN-1,G7SVI,G4MYS,G3WGM,G8DHE,G8KNN,RevSpace,G0TDJ,M6GTG,Leo,F5APQ,M0UPU",871,13:17:28,51.945019,-0.78874,14256,1,12
"$$MOD1,872,13:17:40,51.944408,-0.786880,14071,1,12*56E2","M0UPU-1,G8KNN-1,G8KNN-2,M0UPU-2,G0NZO,RevSpace,2E0KPI,M0UPU,G8KNN,G7SVI,G0TDJ,M6GTG,G4MYS,Leo,F5APQ,G3WGM",872,13:17:40,51.944408,-0.78688,14071,1,12
"$$MOD1,873,13:17:50,51.943790,-0.785880,13919,1,12*7685","G8KNN-1,G8KNN-2,M0UPU-2,G0NZO,G4MYS,G3WGM,G8DHE,G8KNN,RevSpace,G0TDJ,M6GTG,Leo,F5APQ",873,13:17:50,51.94379,-0.78588,13919,1,12
"$$MOD1,874,13:18:02,51.942741,-0.785040,13739,1,12*A27A","M0UPU-1,G8KNN-1,G8KNN-2,G8DHE,G0NZO,G7SVI,Leo,M0UPU,G8KNN,RevSpace,G0TDJ,M6GTG,G4MYS,F5APQ,G3WGM",874,13:18:02,51.942741,-0.78504,13739,1,12
"$$MOD1,875,13:18:14,51.941399,-0.783960,13561,1,12*D259","M0UPU-1,G0NZO,G8KNN-2,M0UPU-2,G8KNN-1,G4MYS,M0UPU,G8KNN,G7SVI,G0TDJ,M6GTG,2E0KPI,f4fwt,F5APQ,G3WGM",875,13:18:14,51.941399,-0.78396,13561,1,12
"$$MOD1,876,13:18:26,51.940102,-0.782390,13387,1,12*CC7D","G0NZO,G8KNN-2,G8DHE,G8KNN-1,RevSpace,G4MYS,G3WGM,G8KNN,G7SVI,G0TDJ,M6GTG,f4fwt,F5APQ",876,13:18:26,51.940102,-0.78239,13387,1,12
"$$MOD1,877,13:18:38,51.938931,-0.780540,13217,1,12*7C59","G0NZO,G8KNN-2,G8DHE,G8KNN-1,RevSpace,G4MYS,G0TDJ,G8KNN,G7SVI,M6GTG,f4fwt,F5APQ,G3WGM",877,13:18:38,51.938931,-0.78054,13217,1,12
"$$MOD1,878,13:18:50,51.937901,-0.778580,13047,1,12*CB9D","G8KNN-1,G8KNN-2,G8DHE,G0NZO,G4MYS,G3WGM,G8KNN,RevSpace,G0TDJ,M6GTG,f4fwt,F5APQ",878,13:18:50,51.937901,-0.77858,13047,1,12
"$$MOD1,879,13:19:02,51.936939,-0.776780,12881,1,12*A5BF","G8KNN-1,G8KNN-2,M0UPU-2,G0NZO,G7SVI,2E0KPI,G3WGM,G8DHE,G8KNN,RevSpace,G0TDJ,M6GTG,G4MYS,f4fwt,F5APQ,M0UPU",879,13:19:02,51.936939,-0.77678,12881,1,12
"$$MOD1,880,13:19:12,51.936279,-0.775690,12743,1,12*89FC","M0UPU-1,G0NZO,G8KNN-2,M0UPU-2,G8KNN-1,2E0KPI,G3WGM,G8DHE,G8KNN,G7SVI,G0TDJ,G4MYS,f4fwt,F5APQ,M0UPU",880,13:19:12,51.936279,-0.77569,12743,1,12
"$$MOD1,881,13:19:24,51.935410,-0.774210,12579,1,12*F87F","M0UPU-1,G8KNN-1,G8KNN-2,G8DHE,G0NZO,f4fwt,G4MYS,M0UPU,M0UPU-2,G8KNN,G7SVI,G0TDJ,G1XIY,2E0KPI,M6GTG,F5APQ,G3WGM",881,13:19:24,51.93541,-0.77421,12579,1,12
"$$MOD1,882,13:19:36,51.934429,-0.772490,12417,1,12*77FF","M0UPU-1,G0NZO,G1XIY,MOODY,G8KNN-1,F5APQ,2E0KPI,M0UPU,G8DHE,G8KNN,RevSpace,G0TDJ,M6GTG,M0UPU-2,f4fwt,G4MYS,G3WGM",882,13:19:36,51.934429,-0.77249,12417,1,12
"$$MOD1,883,13:19:48,51.933208,-0.771120,12256,1,11*3B96","M0UPU-1,G8KNN-1,G1XIY,G0NZO,G4MYS,f4fwt,M0UPU-2,G8KNN,RevSpace,G0TDJ,M6GTG,2E0KPI,Leo,F5APQ,G3WGM",883,13:19:48,51.933208,-0.77112,12256,1,11
"$$MOD1,884,13:20:00,51.931839,-0.769850,12094,1,12*F537","F5APQ,G8KNN-1,G8DHE,G0NZO,Leo,M0UPU,G3WGM,f4fwt,M0UPU-2,G8KNN,RevSpace,G0TDJ,G1XIY,2E0KPI,M6GTG,G4MYS,MOODY",884,13:20:00,51.931839,-0.76985,12094,1,12
"$$MOD1,885,13:20:12,51.930382,-0.768400,11934,1,12*E61D","M0UPU-1,G8KNN-1,G1XIY,G3WGM,G0NZO,f4fwt,G0TDJ,G8DHE,M0UPU,G8KNN,2E0KPI,M0UPU-2,M6GTG,Leo,G4MYS,F5APQ,MOODY",885,13:20:12,51.930382,-0.7684,11934,1,12
"$$MOD1,886,13:20:24,51.928970,-0.767370,11777,1,12*8520","G8KNN-1,M0UPU-2,G3WGM,G0NZO,M0UPU,Leo,F5APQ,G8DHE,G8KNN,G0TDJ,M6GTG,2E0KPI,G4MYS,F4FWT,MOODY",886,13:20:24,51.92897,-0.76737,11777,1,12
"$$MOD1,887,13:20:34,51.927731,-0.766600,11649,1,12*7BF7","M0UPU-1,G0NZO,G8KNN-2,M0UPU-2,MOODY,G3WGM,G8KNN-1,Leo,G4MYS,F5APQ,G8DHE,G8KNN,G0TDJ,G1XIY,2E0KPI,M6GTG,F4FWT,M0UPU",887,13:20:34,51.927731,-0.7666,11649,1,12
"$$MOD1,888,13:20:46,51.926311,-0.765620,11498,1,12*CF2B","M0UPU-1,G8KNN-1,G8KNN-2,M0UPU-2,MOODY,G0NZO,G4MYS,F4FWT,G8KNN,G7SVI,G0TDJ,M6GTG,2E0KPI,Leo,F5APQ,G3WGM",888,13:20:46,51.926311,-0.76562,11498,1,12
"$$MOD1,889,13:20:58,51.925011,-0.764710,11350,1,12*C200","M0UPU-1,G0NZO,G8KNN-2,M0UPU-2,G3WGM,G8KNN-1,2E0KPI,F4FWT,G8KNN,G0TDJ,M6GTG,G4MYS,Leo,F5APQ,M0UPU",889,13:20:58,51.925011,-0.76471,11350,1,12
"$$MOD1,890,13:21:10,51.923729,-0.763710,11202,1,12*856E","M0UPU-1,G0NZO,M0UPU-2,G3WGM,G8KNN-1,2E0KPI,F5APQ,G8KNN,G7SVI,G0TDJ,M6GTG,Leo,G4MYS,F4FWT,M0UPU",890,13:21:10,51.923729,-0.76371,11202,1,12
"$$MOD1,891,13:21:22,51.922428,-0.762690,11056,1,12*5649","M0UPU-1,G0NZO,G8KNN-2,M0UPU-2,G8KNN-1,2E0KPI,G3WGM,M0UPU,G8KNN,G7SVI,G0TDJ,Leo,G4MYS,F4FWT,MOODY",891,13:21:22,51.922428,-0.76269,11056,1,12
"$$MOD1,892,13:21:34,51.921188,-0.761740,10910,1,12*1F02","M0UPU-1,G0NZO,G8KNN-2,M0UPU-2,G3WGM,G8KNN-1,G4MYS,F5APQ,G8KNN,G0TDJ,M6GTG,2E0KPI,Leo,F4FWT,M0UPU",892,13:21:34,51.921188,-0.76174,10910,1,12
"$$MOD1,893,13:21:46,51.919971,-0.760930,10766,1,12*4B5C","M0UPU-1,G8KNN-1,G8KNN-2,G8DHE,G0NZO,G4MYS,F5APQ,G8KNN,G7SVI,G0TDJ,M6GTG,2E0KPI,Leo,F4FWT,G3WGM",893,13:21:46,51.919971,-0.76093,10766,1,12
"$$MOD1,894,13:21:56,51.918999,-0.760320,10649,1,12*2B8D","M0UPU-1,G0NZO,G8KNN-2,G8DHE,G8KNN-1,M0UPU,2E0KPI,F5APQ,M0UPU-2,G8KNN,G7SVI,G0TDJ,M6GTG,G4MYS,Leo,F4FWT,G3WGM",894,13:21:56,51.918999,-0.76032,10649,1,12
"$$MOD1,895,13:22:08,51.917870,-0.759700,10509,1,12*05A8","M0UPU-1,G8KNN-1,G8KNN-2,G8DHE,G3WGM,G0NZO,G4MYS,F5APQ,M0UPU-2,G8KNN,G7SVI,G0TDJ,M6GTG,2E0KPI,Leo,F4FWT,M0UPU",895,13:22:08,51.91787,-0.7597,10509,1,12
"$$MOD1,896,13:22:20,51.916729,-0.759120,10369,1,12*27F4","M0UPU-1,G0NZO,G8DHE,G8KNN-1,2E0KPI,M0UPU,M0UPU-2,G8KNN,G7SVI,G0TDJ,M6GTG,G4MYS,Leo,F5APQ,G3WGM",896,13:22:20,51.916729,-0.75912,10369,1,12
"$$MOD1,897,13:22:32,51.915722,-0.758550,10229,1,12*9917","M0UPU-1,G0NZO,M0UPU-2,G8KNN-1,Leo,G0TDJ,G8DHE,G8KNN,M6GTG,2E0KPI,G4MYS,F5APQ,G3WGM",897,13:22:32,51.915722,-0.75855,10229,1,12
"$$MOD1,898,13:22:44,51.914871,-0.757780,10091,1,12*5616","G8KNN-1,G0NZO,2E0KPI,F5APQ,M0UPU,G8KNN,G7SVI,G0TDJ,M6GTG,G4MYS,Leo,G3WGM",898,13:22:44,51.914871,-0.75778,10091,1,12
"$$MOD1,899,13:22:56,51.914108,-0.757000,9958,1,12*FA0A","M0UPU-1,G8KNN-1,G8DHE,G0NZO,M0UPU,2E0KPI,F5APQ,M0UPU-2,G8KNN,G7SVI,G0TDJ,M6GTG,Leo,G4MYS,F4FWT,G3WGM",899,13:22:56,51.914108,-0.757,9958,1,12
"$$MOD1,900,13:23:06,51.913528,-0.756180,9846,1,12*C8AA","M0UPU-1,G8KNN-1,M0UPU-2,G3WGM,G0NZO,2E0KPI,F4FWT,G8DHE,G8KNN,G7SVI,G0TDJ,M6GTG,Leo,F5APQ,M0UPU",900,13:23:06,51.913528,-0.75618,9846,1,12
"$$MOD1,901,13:23:18,51.912842,-0.755070,9712,1,12*E182","G8KNN-1,G8DHE,G0NZO,M0UPU,G4MYS,F5APQ,M0UPU-2,G8KNN,G7SVI,G0TDJ,M6GTG,2E0KPI,Leo,F4FWT,G3WGM",901,13:23:18,51.912842,-0.75507,9712,1,12
"$$MOD1,902,13:23:30,51.912102,-0.753880,9579,1,12*6581","G8KNN-1,M0UPU-2,G0NZO,G4MYS,F4FWT,G8DHE,G8KNN,G0TDJ,Leo,F5APQ,G3WGM",902,13:23:30,51.912102,-0.75388,9579,1,12
"$$MOD1,903,13:23:42,51.911339,-0.752820,9447,1,12*E442","M0UPU-1,G0NZO,G8DHE,G3WGM,G8KNN-1,Leo,F4FWT,M0UPU-2,G8KNN,G0TDJ,M6GTG,2E0KPI,F5APQ,M0UPU",903,13:23:42,51.911339,-0.75282,9447,1,12
"$$MOD1,904,13:23:52,51.910759,-0.751990,9337,1,12*D36E","M0UPU-1,G8KNN-1,G8DHE,G0NZO,M0UPU,Leo,F5APQ,M0UPU-2,G7SVI,G0TDJ,M6GTG,2E0KPI,G4MYS,F4FWT,G3WGM",904,13:23:52,51.910759,-0.75199,9337,1,12
"$$MOD1,905,13:24:04,51.910099,-0.750870,9209,1,11*324F","M0UPU-1,G8KNN-1,M0UPU-2,G0NZO,M0UPU,G4MYS,F4FWT,G8DHE,G8KNN,G7SVI,G0TDJ,M6GTG,F5APQ,G3WGM",905,13:24:04,51.910099,-0.75087,9209,1,11
"$$MOD1,906,13:24:16,51.909550,-0.749800,9086,1,12*438B","G0NZO,G8DHE,G8KNN-1,G4MYS,F5APQ,G8KNN,G7SVI,G0TDJ,M6GTG,Leo,F4FWT,G3WGM",906,13:24:16,51.90955,-0.7498,9086,1,12
"$$MOD1,907,13:24:28,51.909031,-0.748710,8960,1,12*9FB8","G8KNN-1,G8DHE,G0NZO,2E0KPI,F4FWT,G8KNN,G0TDJ,M6GTG,G4MYS,Leo,F5APQ,G3WGM",907,13:24:28,51.909031,-0.74871,8960,1,12
"$$MOD1,908,13:24:38,51.908642,-0.747890,8857,1,12*7A8A","M0UPU-1,G0NZO,G8DHE,G8KNN-1,M0UPU,G4MYS,F5APQ,M0UPU-2,G8KNN,G7SVI,G0TDJ,M6GTG,2E0KPI,Leo,F4FWT,G3WGM",908,13:24:38,51.908642,-0.74789,8857,1,12
"$$MOD1,909,13:24:50,51.908169,-0.747000,8735,1,12*D39A","M0UPU-1,G0NZO,G8KNN-2,G8DHE,G3WGM,G8KNN-1,G4MYS,F5APQ,M0UPU-2,G8KNN,G7SVI,G0TDJ,M6GTG,2E0KPI,Leo,F4FWT,M0UPU",909,13:24:50,51.908169,-0.747,8735,1,12
"$$MOD1,910,13:25:02,51.907719,-0.746180,8614,1,12*0908","M0UPU-1,G8KNN-1,G8KNN-2,M0UPU-2,G0NZO,M0UPU,G4MYS,F4FWT,G8DHE,G8KNN,G7SVI,G0TDJ,M6GTG,2E0KPI,Leo,F5APQ,G3WGM",910,13:25:02,51.907719,-0.74618,8614,1,12
"$$MOD1,911,13:25:14,51.907230,-0.745230,8494,1,12*CA73","M0UPU-1,G0NZO,G8KNN-2,G1XIY,G8KNN-1,G4MYS,F5APQ,G8DHE,M0UPU-2,G8KNN,G7SVI,G0TDJ,M6GTG,2E0KPI,Leo,F4FWT,G3WGM",911,13:25:14,51.90723,-0.74523,8494,1,12
"$$MOD1,912,13:25:24,51.906841,-0.744450,8394,1,12*1BA9","M0UPU-1,G8KNN-1,G8KNN-2,G1XIY,G0NZO,G4MYS,F5APQ,G8DHE,G8KNN,G0TDJ,M6GTG,2E0KPI,M1ARI,F4FWT,G3WGM",912,13:25:24,51.906841,-0.74445,8394,1,12
"$$MOD1,913,13:25:36,51.906448,-0.743610,8276,1,12*2F81","M0UPU-1,G8KNN-1,G8KNN-2,G8DHE,G4MYS,G3WGM,G0NZO,Leo,F5APQ,M0UPU-2,G8KNN,G7SVI,G0TDJ,2E0KPI,M1ARI,F4FWT,M0UPU",913,13:25:36,51.906448,-0.74361,8276,1,12
"$$MOD1,914,13:25:48,51.906090,-0.742850,8158,1,12*38E5","G8KNN-1,G8KNN-2,G1XIY,G3WGM,G0NZO,G0TDJ,M1ARI,Leo,F5APQ,M0UPU-2,G8KNN,G7SVI,G8DHE,M6GTG,2E0KPI,G4MYS,F4FWT,M0UPU",914,13:25:48,51.90609,-0.74285,8158,1,12
"$$MOD1,915,13:26:00,51.905609,-0.741950,8038,1,12*3629","M0UPU-1,G0NZO,G8KNN-2,G1XIY,G8KNN-1,G4MYS,G3WGM,G8DHE,G8KNN,G0TDJ,M6GTG,2E0KPI,Leo,F5APQ,M0UPU",915,13:26:00,51.905609,-0.74195,8038,1,12
"$$MOD1,916,13:26:10,51.905258,-0.741060,7940,1,12*493D","M0UPU-1,G0NZO,G8DHE,G8KNN-1,F5APQ,Leo,G3WGM,M0UPU-2,G8KNN,G7SVI,G0TDJ,G1XIY,2E0KPI,M6GTG,G4MYS,M0UPU",916,13:26:10,51.905258,-0.74106,7940,1,12
"$$MOD1,917,13:26:22,51.904812,-0.740020,7823,1,12*2857","G8KNN-1,G8KNN-2,G8DHE,G0NZO,G4MYS,F4FWT,G1XIY,G8KNN,G0TDJ,M6GTG,2E0KPI,Leo,F5APQ,G3WGM",917,13:26:22,51.904812,-0.74002,7823,1,12
"$$MOD1,918,13:26:34,51.904442,-0.738900,7708,1,12*3E7E","M0UPU-1,G8KNN-1,G8KNN-2,M0UPU-2,G3WGM,G0NZO,G0TDJ,G4MYS,F4FWT,G1XIY,G8KNN,G8DHE,M6GTG,Leo,M1ARI,F5APQ,M0UPU",918,13:26:34,51.904442,-0.7389,7708,1,12
"$$MOD1,919,13:26:46,51.904110,-0.737720,7593,1,11*9C15","M0UPU-1,G0NZO,G8KNN-2,G8DHE,G3WGM,G8KNN-1,G4MYS,F4FWT,M0UPU-2,G8KNN,G0TDJ,M6GTG,Leo,G1XIY,F5APQ,M0UPU",919,13:26:46,51.90411,-0.73772,7593,1,11
"$$MOD1,920,13:26:58,51.903801,-0.736480,7479,1,12*F8C3","G8KNN-1,G8KNN-2,G8DHE,G0NZO,Leo,F4FWT,G8KNN,G0TDJ,M6GTG,2E0KPI,G4MYS,F5APQ,G3WGM",920,13:26:58,51.903801,-0.73648,7479,1,12
"$$MOD1,921,13:27:08,51.903660,-0.735480,7383,1,12*1F4A","G0NZO,G8KNN-2,G8DHE,G8KNN-1,Leo,F5APQ,G8KNN,G0TDJ,M6GTG,2E0KPI,G4MYS,F4FWT,G3WGM",921,13:27:08,51.90366,-0.73548,7383,1,12
"$$MOD1,922,13:27:20,51.903511,-0.734280,7271,1,12*6675","M0UPU-1,G0NZO,G1XIY,G8KNN-1,M1ARI,Leo,F5APQ,G8DHE,M0UPU-2,G8KNN,G0TDJ,M6GTG,2E0KPI,G4MYS,F4FWT,G3WGM",922,13:27:20,51.903511,-0.73428,7271,1,12
"$$MOD1,923,13:27:32,51.903431,-0.733090,7159,1,12*3F3E","G0NZO,G8DHE,G3WGM,G8KNN-1,G4MYS,F4FWT,G8KNN,G0TDJ,M6GTG,Leo,M1ARI,F5APQ,M0UPU",923,13:27:32,51.903431,-0.73309,7159,1,12
"$$MOD1,924,13:27:44,51.903339,-0.731870,7047,1,12*6A1F","M0UPU-1,G0NZO,G8DHE,G8KNN-1,M1ARI,Leo,G3WGM,G8KNN,G0TDJ,2E0KPI,G4MYS,F5APQ,M0UPU",924,13:27:44,51.903339,-0.73187,7047,1,12
"$$MOD1,925,13:27:54,51.903229,-0.730760,6954,1,12*A8C3","G8KNN-1,G8DHE,G0NZO,G4MYS,M0UPU,M0UPU-2,G8KNN,G0TDJ,M6GTG,2E0KPI,Leo,F5APQ,G3WGM",925,13:27:54,51.903229,-0.73076,6954,1,12
"$$MOD1,926,13:28:06,51.903080,-0.729350,6844,1,12*7AC5","M0UPU-1,G8KNN-1,M0UPU-2,G3WGM,Leo,2E0KPI,F4FWT,G8DHE,G8KNN,G0TDJ,M6GTG,G4MYS,M1ARI,F5APQ,M0UPU",926,13:28:06,51.90308,-0.72935,6844,1,12
"$$MOD1,927,13:28:18,51.902988,-0.727840,6734,1,12*8A3B","M0UPU-1,G0NZO,M0UPU-2,G8KNN-1,Leo,F4FWT,G8DHE,G8KNN,G0TDJ,M6GTG,2E0KPI,M1ARI,G4MYS,G3WGM",927,13:28:18,51.902988,-0.72784,6734,1,12
"$$MOD1,928,13:28:30,51.902988,-0.726290,6626,1,12*3E84","G8KNN-1,G8DHE,G0NZO,G4MYS,G0TDJ,G8KNN,M6GTG,2E0KPI,Leo,F5APQ,G3WGM",928,13:28:30,51.902988,-0.72629,6626,1,12
"$$MOD1,929,13:28:40,51.903000,-0.725000,6536,1,12*FA99","G8KNN-1,G8DHE,G0NZO,2E0KPI,M0UPU,M0UPU-2,G8KNN,G0TDJ,M6GTG,G4MYS,M1ARI,F5APQ,G3WGM",929,13:28:40,51.903,-0.725,6536,1,12
"$$MOD1,930,13:28:52,51.903069,-0.723630,6429,1,12*217C","M0UPU-1,G8KNN-1,G8DHE,G0NZO,F5APQ,G4MYS,M0UPU,M0UPU-2,G8KNN,G0TDJ,M6GTG,2E0KPI,F4FWT,G3WGM",930,13:28:52,51.903069,-0.72363,6429,1,12
"$$MOD1,931,13:29:04,51.903179,-0.722400,6322,1,12*9346","M0UPU-1,G0NZO,M0UPU-2,G8KNN-1,G4MYS,M0UPU,G8DHE,G8KNN,G0TDJ,M6GTG,2E0KPI,F5APQ,G3WGM",931,13:29:04,51.903179,-0.7224,6322,1,12
"$$MOD1,932,13:29:16,51.903320,-0.721210,6216,1,12*67FC","G8KNN-1,G8DHE,G0NZO,G4MYS,F5APQ,M0UPU-2,G8KNN,G0TDJ,M6GTG,2E0KPI,F4FWT,G3WGM",932,13:29:16,51.90332,-0.72121,6216,1,12
"$$MOD1,933,13:29:26,51.903450,-0.720160,6126,1,12*F4D3","M0UPU-1,G0NZO,G8DHE,G8KNN-1,G4MYS,F5APQ,M0UPU,G8KNN,G0TDJ,M6GTG,2E0KPI,F4FWT,G3WGM",933,13:29:26,51.90345,-0.72016,6126,1,12
"$$MOD1,934,13:29:38,51.903599,-0.718730,6022,1,12*6F6D","G0NZO,G8DHE,G3WGM,G8KNN-1,G4MYS,F5APQ,G8KNN,G0TDJ,M6GTG,2E0KPI,F4FWT,M0UPU",934,13:29:38,51.903599,-0.71873,6022,1,12
"$$MOD1,935,13:29:50,51.903641,-0.717130,5919,1,12*F88A","G8KNN-1,G8DHE,M0UPU,2E0KPI,F4FWT,M0UPU-2,G8KNN,G0TDJ,G4MYS,M1ARI,F5APQ,G3WGM",935,13:29:50,51.903641,-0.71713,5919,1,12
"$$MOD1,936,13:30:02,51.903610,-0.715450,5817,1,12*C4DA","M0UPU-1,F5APQ,M0UPU-2,G8KNN-1,G4MYS,M0UPU,G8DHE,G8KNN,G0TDJ,M6GTG,2E0KPI,F4FWT,G3WGM",936,13:30:02,51.90361,-0.71545,5817,1,12
"$$MOD1,937,13:30:12,51.903568,-0.714130,5732,1,12*C8CB","G8KNN-1,M0UPU-2,2E0KPI,F4FWT,G8KNN,M6GTG,G4MYS,M1ARI,F5APQ,G3WGM",937,13:30:12,51.903568,-0.71413,5732,1,12
"$$MOD1,938,13:30:24,51.903439,-0.712510,5631,1,12*601A","M0UPU-1,G8KNN-1,G8DHE,G4MYS,G3WGM,G8KNN,M6GTG,2E0KPI,M1ARI",938,13:30:24,51.903439,-0.71251,5631,1,12
"$$MOD1,939,13:30:36,51.903332,-0.710920,5529,1,12*D12A","M0UPU-1,G0TDJ,G8DHE,G8KNN-1,G4MYS,M0UPU,G1XIY,G8KNN,M6GTG,2E0KPI,M1ARI,F5APQ,G3WGM",939,13:30:36,51.903332,-0.71092,5529,1,12
"$$MOD1,940,13:30:48,51.903210,-0.709240,5428,1,12*6D12","M0UPU-1,G8KNN-1,G8DHE,2E0KPI,M0UPU,M0UPU-2,G8KNN,G0TDJ,M6GTG,G4MYS,M1ARI,F5APQ,G3WGM",940,13:30:48,51.90321,-0.70924,5428,1,12
"$$MOD1,941,13:30:58,51.903049,-0.707710,5344,1,12*0342","G8KNN-1,G8DHE,2E0KPI,G3WGM,G8KNN,M6GTG,G4MYS,F5APQ",941,13:30:58,51.903049,-0.70771,5344,1,12
"$$MOD1,942,13:31:10,51.902851,-0.705740,5244,1,12*CA79","G3WGM,G8KNN-1,F5APQ,G8KNN,2E0KPI",942,13:31:10,51.902851,-0.70574,5244,1,12
"$$MOD1,943,13:31:22,51.902672,-0.703790,5146,1,12*7D94","M0UPU-1,G0TDJ,M0UPU-2,G8KNN-1,G4MYS,G3WGM,G8KNN,M6GTG,2E0KPI,F5APQ",943,13:31:22,51.902672,-0.70379,5146,1,12
"$$MOD1,944,13:31:34,51.902451,-0.701830,5048,1,12*0B46","M0UPU-1,F5APQ,G8KNN-1,G4MYS,G3WGM,G8KNN,G0TDJ,M6GTG",944,13:31:34,51.902451,-0.70183,5048,1,12
"$$MOD1,945,13:31:44,51.902260,-0.700320,4966,1,12*B815","G8KNN-1,M0UPU-2,2E0KPI,G3WGM,G8KNN,G0TDJ,M6GTG,G4MYS,F5APQ",945,13:31:44,51.90226,-0.70032,4966,1,12
"$$MOD1,946,13:31:56,51.902031,-0.698670,4870,1,12*ED5E","M0UPU-1,G8KNN-1,M0UPU-2,G4MYS,M0UPU,G8KNN,G0TDJ,2E0KPI,F5APQ,G3WGM",946,13:31:56,51.902031,-0.69867,4870,1,12
"$$MOD1,947,13:32:09,51.901749,-0.697050,4775,1,12*14DE","M0UPU-1,G8KNN-1,M0UPU-2,G4MYS,G0TDJ,G8KNN,2E0KPI,F5APQ,G3WGM",947,13:32:09,51.901749,-0.69705,4775,1,12
"$$MOD1,948,13:32:21,51.901390,-0.695580,4679,1,12*DEE5","M0UPU-1,F5APQ,G8KNN-1,G4MYS,G0TDJ,G8KNN,M6GTG,M1ARI,G3WGM",948,13:32:21,51.90139,-0.69558,4679,1,12
"$$MOD1,949,13:32:31,51.900940,-0.694220,4600,1,12*E59E","G8KNN-1,G4MYS,F5APQ,M0UPU,G8KNN,G0TDJ,M6GTG,G3WGM",949,13:32:31,51.90094,-0.69422,4600,1,12
"$$MOD1,950,13:32:43,51.900421,-0.692570,4507,1,12*BB5D","G8KNN-1,2E0KPI,G3WGM,G8KNN,M6GTG,Leo,G4MYS",950,13:32:43,51.900421,-0.69257,4507,1,12
"$$MOD1,951,13:32:55,51.899921,-0.690910,4415,1,12*1DE3","G8KNN-1,G4MYS,F5APQ,G8KNN,M6GTG,Leo,G3WGM",951,13:32:55,51.899921,-0.69091,4415,1,12
"$$MOD1,952,13:33:07,51.899521,-0.689340,4325,1,12*B060","G8KNN-1,G8DHE,2E0KPI,G3WGM,G8KNN,M6GTG,G4MYS,Leo,F5APQ",952,13:33:07,51.899521,-0.68934,4325,1,12
"$$MOD1,953,13:33:17,51.899158,-0.688030,4250,1,12*293F","M0UPU-1,G8KNN-1,M0UPU-2,G0NZO,G4MYS,G3WGM,G8DHE,G8KNN,M6GTG,2E0KPI,Leo,F5APQ,M0UPU",953,13:33:17,51.899158,-0.68803,4250,1,12
"$$MOD1,954,13:33:29,51.898781,-0.686400,4160,1,12*49F9","M0UPU-1,G8KNN-1,M0UPU-2,G0NZO,Leo,G3WGM,G8KNN,M6GTG,G4MYS,F5APQ",954,13:33:29,51.898781,-0.6864,4160,1,12
"$$MOD1,955,13:33:41,51.898479,-0.684900,4070,1,12*3C21","M0UPU-1,G8KNN-1,Leo,F5APQ,G8KNN,M6GTG,2E0KPI,G4MYS,G3WGM",955,13:33:41,51.898479,-0.6849,4070,1,12
"$$MOD1,956,13:33:53,51.898140,-0.683430,3981,1,12*1ED1","G8KNN-1,M0UPU-2,G0NZO,G4MYS,G3WGM,G8KNN,M6GTG,F5APQ",956,13:33:53,51.89814,-0.68343,3981,1,12
"$$MOD1,957,13:34:03,51.897812,-0.682320,3908,1,12*7095","M0UPU-1,F5APQ,G8KNN-1,Leo,G0TDJ,G8KNN,2E0KPI,M6GTG,G4MYS,M1ARI,G3WGM",957,13:34:03,51.897812,-0.68232,3908,1,12
"$$MOD1,958,13:34:15,51.897331,-0.681170,3819,1,12*20C4","M0UPU-1,G8KNN-1,M0UPU-2,G0NZO,Leo,G3WGM,G8KNN,2E0KPI,F5APQ",958,13:34:15,51.897331,-0.68117,3819,1,12
"$$MOD1,959,13:34:27,51.896790,-0.680010,3732,1,12*858D","G0NZO,G8KNN-1,G4MYS,F5APQ,G8KNN,M1ARI,G3WGM",959,13:34:27,51.89679,-0.68001,3732,1,12
"$$MOD1,960,13:34:39,51.896259,-0.678820,3644,1,12*A09E","G0NZO,G8KNN-1,G4MYS,F5APQ,G8KNN,G0TDJ,G3WGM",960,13:34:39,51.896259,-0.67882,3644,1,12
"$$MOD1,961,13:34:49,51.895802,-0.677760,3571,1,12*3428","M0UPU-1,G8KNN-1,G0NZO,G3WGM,F5APQ,G8KNN,G0TDJ,M6GTG,M0UPU",961,13:34:49,51.895802,-0.67776,3571,1,12
"$$MOD1,962,13:35:01,51.895241,-0.676460,3482,1,12*637C","M0UPU-1,G8KNN-1,M0UPU-2,G0NZO,G4MYS,G3WGM,G8KNN,M6GTG,F5APQ",962,13:35:01,51.895241,-0.67646,3482,1,12
"$$MOD1,963,13:35:13,51.894711,-0.675320,3391,1,12*3F97","M0UPU-1,G0NZO,G8KNN-1,G4MYS,F5APQ,M0UPU,G8KNN,G0TDJ,G6GZH,G3WGM",963,13:35:13,51.894711,-0.67532,3391,1,12
"$$MOD1,964,13:35:25,51.894241,-0.674250,3297,1,12*BE12","M0UPU-1,G0NZO,G8KNN-1,G4MYS,F5APQ,M0UPU,G8KNN,G0TDJ,G6GZH,G3WGM",964,13:35:25,51.894241,-0.67425,3297,1,12
"$$MOD1,965,13:35:35,51.893879,-0.673310,3218,1,12*49D5","G8KNN-1,G0NZO,Leo,F5APQ,M0UPU,G8KNN,G6GZH,G3WGM",965,13:35:35,51.893879,-0.67331,3218,1,12
"$$MOD1,966,13:35:47,51.893532,-0.672190,3122,1,12*7B53","M0UPU-1,G8KNN-1,G0NZO,Leo,F5APQ,M0UPU,G8KNN,G6GZH,G3WGM",966,13:35:47,51.893532,-0.67219,3122,1,12
"$$MOD1,967,13:35:59,51.893341,-0.671160,3025,1,12*C933","G8KNN-1,G0NZO,M1ARI,G4MYS,F5APQ,G8KNN,2E0KPI,G6GZH,G3WGM",967,13:35:59,51.893341,-0.67116,3025,1,12
"$$MOD1,968,13:36:11,51.893108,-0.670150,2930,1,12*D512","M0UPU-1,G8KNN-1,Leo,F5APQ,G8KNN,M1ARI,G3WGM",968,13:36:11,51.893108,-0.67015,2930,1,12
"$$MOD1,969,13:36:23,51.892872,-0.669110,2836,1,12*0ABE","G8KNN-1,Leo,F5APQ,G8KNN,G6GZH,G3WGM",969,13:36:23,51.892872,-0.66911,2836,1,12
"$$MOD1,970,13:36:33,51.892632,-0.668230,2758,1,12*BB70","G3WGM,G8KNN-1,M6GTG,F5APQ,G8KNN",970,13:36:33,51.892632,-0.66823,2758,1,12
"$$MOD1,971,13:36:45,51.892311,-0.667280,2657,1,12*8CB5","F5APQ,G8KNN-1,Leo,G0TDJ,G8KNN,G3WGM",971,13:36:45,51.892311,-0.66728,2657,1,12
"$$MOD1,972,13:36:57,51.891899,-0.666250,2565,1,12*7064","G3WGM,G8KNN-1,G8KNN,Leo",972,13:36:57,51.891899,-0.66625,2565,1,12
"$$MOD1,973,13:37:09,51.891491,-0.665180,2472,1,12*387F","G3WGM,G8KNN-1,M1ARI,G8KNN,Leo",973,13:37:09,51.891491,-0.66518,2472,1,12
"$$MOD1,974,13:37:19,51.891171,-0.664240,2395,1,12*943A","G3WGM,G8KNN-1,G8KNN",974,13:37:19,51.891171,-0.66424,2395,1,12
"$$MOD1,975,13:37:31,51.890839,-0.663210,2304,1,12*CB11","G8KNN-1,G0NZO,G8KNN,MOODY",975,13:37:31,51.890839,-0.66321,2304,1,12
"$$MOD1,976,13:37:43,51.890541,-0.662140,2215,1,12*5D49","G3WGM,G8KNN-1,G8KNN,MOODY",976,13:37:43,51.890541,-0.66214,2215,1,12
"$$MOD1,977,13:37:55,51.890221,-0.661040,2126,1,12*BF08","G8KNN-1,G8KNN,MOODY",977,13:37:55,51.890221,-0.66104,2126,1,12
"$$MOD1,978,13:38:05,51.890018,-0.660200,2053,1,12*FDA1","G8KNN-1,G8KNN,MOODY",978,13:38:05,51.890018,-0.6602,2053,1,12
"$$MOD1,979,13:38:17,51.889820,-0.659030,1966,1,12*EE23","G8KNN-1,G8KNN,MOODY",979,13:38:17,51.88982,-0.65903,1966,1,12
"$$MOD1,980,13:38:29,51.889530,-0.657860,1882,1,12*445D","G8KNN-1,G8KNN,MOODY",980,13:38:29,51.88953,-0.65786,1882,1,12
"$$MOD1,981,13:38:41,51.889252,-0.656810,1798,1,12*2427","G8KNN-1,MOODY,G6GZH,G8KNN",981,13:38:41,51.889252,-0.65681,1798,1,12
"$$MOD1,982,13:38:51,51.889061,-0.655980,1730,1,12*62F8","G8KNN-1,G8KNN,MOODY",982,13:38:51,51.889061,-0.65598,1730,1,12
"$$MOD1,983,13:39:03,51.888828,-0.654980,1648,1,12*8A38","G8KNN-1,G8KNN,MOODY",983,13:39:03,51.888828,-0.65498,1648,1,12
"$$MOD1,984,13:39:15,51.888660,-0.654030,1567,1,12*6D59","G8KNN-1,G8KNN,MOODY",984,13:39:15,51.88866,-0.65403,1567,1,12
"$$MOD1,985,13:39:27,51.888512,-0.653140,1486,1,12*6C68","G8KNN-1,G8KNN,MOODY",985,13:39:27,51.888512,-0.65314,1486,1,12
"$$MOD1,986,13:39:37,51.888390,-0.652440,1419,1,12*68F6","G8KNN-1,G8KNN,MOODY",986,13:39:37,51.88839,-0.65244,1419,1,12
"$$MOD1,987,13:39:49,51.888271,-0.651610,1341,1,12*156E","G8KNN-1,G8KNN,MOODY",987,13:39:49,51.888271,-0.65161,1341,1,12
"$$MOD1,988,13:40:01,51.888149,-0.650740,1263,1,12*AF91","G8KNN-1,G8KNN,MOODY",988,13:40:01,51.888149,-0.65074,1263,1,12
"$$MOD1,989,13:40:13,51.888020,-0.649780,1185,1,12*48EC","G8KNN-1,MOODY",989,13:40:13,51.88802,-0.64978,1185,1,12
"$$MOD1,990,13:40:23,51.887772,-0.649020,1122,1,12*6B94","G8KNN-1,MOODY",990,13:40:23,51.887772,-0.64902,1122,1,12
"$$MOD1,991,13:40:35,51.887459,-0.648150,1047,1,12*8EBD","G8KNN-1,MOODY",991,13:40:35,51.887459,-0.64815,1047,1,12
"$$MOD1,992,13:40:47,51.887390,-0.647590,968,1,12*F966","G8KNN-1,MOODY",992,13:40:47,51.88739,-0.64759,968,1,12
"$$MOD1,993,13:40:59,51.887348,-0.646900,885,1,12*FD1D",G8KNN-1,993,13:40:59,51.887348,-0.6469,885,1,12
"$$MOD1,994,13:41:09,51.887348,-0.646380,821,1,12*5D7B","G8KNN-1,G8KNN,MOODY",994,13:41:09,51.887348,-0.64638,821,1,12
"$$MOD1,995,13:41:21,51.887360,-0.645900,743,1,12*BAE0","G8KNN,MOODY",995,13:41:21,51.88736,-0.6459,743,1,12
"$$MOD1,996,13:41:31,51.887360,-0.645410,679,1,12*8B24",MOODY,996,13:41:31,51.88736,-0.64541,679,1,12
"$$MOD1,997,13:41:43,51.887421,-0.644840,604,1,12*EB3B","G8KNN,MOODY",997,13:41:43,51.887421,-0.64484,604,1,12
"$$MOD1,998,13:41:55,51.887589,-0.644410,537,1,12*62C8",MOODY,998,13:41:55,51.887589,-0.64441,537,1,12
"$$MOD1,999,13:42:05,51.887760,-0.644020,477,1,12*E769",MOODY,999,13:42:05,51.88776,-0.64402,477,1,12
"$$MOD1,1000,13:42:17,51.887932,-0.643410,402,1,12*5B61",MOODY,1000,13:42:17,51.887932,-0.64341,402,1,12
"$$MOD1,1001,13:42:29,51.888119,-0.642700,325,1,12*430D",MOODY,1001,13:42:29,51.888119,-0.6427,325,1,12
"$$MOD1,1003,13:42:51,51.888519,-0.641420,189,1,12*66DE",MOODY,1003,13:42:51,51.888519,-0.64142,189,1,12
